ui_element_name;Название: ?Y$x$?!
ui_element_position;Позиция: X = ?Y$x$?! Y = ?Y$y$?!
ui_element_size;Размер: X = ?Y$x$?! Y = ?Y$y$?!
PROVINCEVIEW_GOODSINCOME;Продано вчера ?Y$x$?W ?Y$GOODS$?W за ?Y$VALUE$?W
support_for_blank;поддержка $text$
uh_support_for_blank;верхняя палата поддерживает $text$
up_to;до 
scaled_support; пропорционально поддержке $text$
scaled_unemployment; пропорционален безработице
stockpile_of;в национальный запас $text$
create_general;Создан новый генерал
create_admiral;Создан новый адмирал
add_war_goal;Добавлена цель войны $text$ против $nation$
blank_loyalty;$text$ лояльность
in_blank;в $text$
currently;(сейчас: ?Y$x$?!)
no_effect;Нет эффекта
move_capital_to;Переместить столицу в
add_x_core;Добавить ядро $adj$
add_core_to;Добавить ядро в
remove_x_core;Удалить ядро ?Y$adj$?W
remove_core_from;Удалить ядро из
change_name_to;Изменить название на ?Y$text$?W
change_terrain_to;Изменить местность на ?Y$text$?W
change_rgo_production_to;Изменить производство РГО на ?Y$text$??W
make_accepted_culture;$text$ становится принятой культурой
primary_culture_changes_to;Основная культура становится ?Y$text$?W
union_culture_accepted;Все культуры в культурной группе становятся принятыми
remove_accepted_culture;$text$ перестаёт быть принятой культурой
increase_national_variable_by;Увеличить национальную переменную ?Y$text$?W на ?Y$value$?W
decrease_national_variable_by;Уменьшить национальную переменную ?Y$text$?W на ?Y$value$?W
life_rating;Рейтинг жизни
make_national_religion;?Y$text$?W становится национальной религией
giving_modifier;Это даст следующий модификатор:
make_province_religion;население провинции конвертируется в ?Y$text$?W
make_pop_religion;Меняет религию на ?Y$text$?W
make_pop_culture;Меняет культуру на ?Y$text$?W
make_slave_state;Становится рабовладельческим штатом
make_slave_pop;Становятся рабами
research_points;Очки исследований
change_tech_school;Школа технологий меняется на ?Y$text$?W
change_government_to;Правительство становится ?Y$text$?W
add_to_treasury;Добавлено в казну
war_exhaustion;Усталость от войны
become_blank;Становится ?Y$text$?W
player_control_change;Управление игрока меняется на $text$
set_national_flag;Флаг $text$ установлен для этой нации
remove_national_flag;Флаг $text$ снят для этой нации
infamy;Бесчестье
change_province_owner;Изменить владельца провинции на $text$
annex_effect;Аннексировать $text$
annexed_by_effect;Аннексирован $text$
core_return;Ядра $adj$ возвращаются $text$
core_return_short;Ядра $adj$ возвращены
change_province_controller;сменить контролёра провинции на $text$
change_state_controller;сменить контролёра региона на $text$
pop_savings;Накопления
leadership_points;Очки лидерства
release_as_vassal;Выпустить $text$ как вассала
end_alliance;Закончить альянс с $text$
end_war_with;Закончить войну с $text$
enable_ideology;Включить идеологию ?Y$text$?!
enable_technology;Дать технологию ?Y$text$?!
enable_invention;Дать изобретение ?Y$text$?!
change_ruling_party;Поменять правящую партию на $text$
remove_prov_mod;Удалить модификатор провинции $text$
remove_nat_mod;Удалить национальный модификатор $text$
make_alliance;Вступить в альянс с $text$
becomes_independent;$text$ становится независимым государством
release_as_independent;Выпустить $text$ как независимую нацию
set_global_flag;Установить глобальный флаг $text$
remove_global_flag;Удалить глобальный флаг $text$
change_national_value;Изменить национальную ценность на $text$
become_civ;Становится признанной страной
become_unciv;Становится непризнанным государством
free_slave_state;Становится свободным штатом
free_slave_pop;Освобождён из рабства
hold_election;Провести выборы
issue_change;$issue$ меняется на $text$
add_relative_income;Множитель последнего дохода добавлен в казну
make_neutral;Все союзы расторгнуты, все вассалы освобождены
pop_project;Проект ПОПов
state_project;Строительство региона
pop_size;Размер населения
move_pop_to;Переселить население в $text$
change_pop_type;Поменять тип населения на $text$
years_of_research;Лет исследований
remove_mil_reforms;Убрать $value$ военных реформ
remove_econ_reforms;Убрать $value$ экономических реформ
add_crime;Добавить преступность $text$
remove_crime;Убрать преступность
perform_nationalization;Провести национализацию
build_factory_in_capital;Построить $text$ в столичном регионе
enable_great_wars;Великие войны включены
enable_world_wars;Мировые войны включены
disable_great_wars;Великие войны больше невозможны
disable_world_wars;Мировые войны больше невозможны
assimilate_pop;Поменять культуру на $text$
assimilate_province;Поменять культуру всего населения на $text$
owner_primary_culture;основная культура владельца
literacy;грамотность
add_crisis_interest;Интересуется текущим кризисом
crisis_temperature_plain;температура кризиса
militancy;агрессивность
consciousness;сознательность
rgo_size;Размер добычи
trigger_every_revolt;Вызвать восстание каждой повстанческой фракции
call_allies;Призвать союзников в их текущие войны
truce_with;Перемирие с $text$ до ?Y$y$?!
diplomatic_influence_with;дипломатическое влияние с помощью $text$
relations_with;отношения с $text$
add_modifier_until;Получает $text$ до $date$
add_modifier;Получает $text$
add_cb_months;Получает $name$ повод для войны против $text$ до $date$
add_cb_no_months;Получает $name$ повод для войны против $text$
add_cb_reversed_months;$text$ получает $name$ повод для войны против нации до $date$
add_cb_reversed_no_months;$text$ получает $name$ повод для войны против нации
remove_cb_reversed;Убирает все поводы для войны $name$ против $text$
remove_cb;$text$ теряет все $name$ поводы для войны против нации
set_national_variable_to;Установить национальную переменную ?Y$text$?W в ?Y$value$?W
event_fires;Событие $text$ срабатывает
event_fires_in_days;Событие $text$ инициируется через $value$ дней
railroad_in_capital;?G+1?! уровень железной дороги в столице
railroad_in_capital_state;?G+1?! уровень железной дороги в столичном регионе
fort_in_capital;?G+1?! уровень форта в столице
fort_in_capital_state;?G+1?! уровень форта в столичном регионе
university_in_capital;?G+1?! уровень университета в столице
university_in_capital_state;?G+1?! уровень университета в столичном регионе
bank_in_capital;?G+1?! уровень банка в столице
bank_in_capital_state;?G+1?! банковский уровень в столичном регионе
railroad_level;Уровень железной дороги
fort_level;уровень форта
naval_base_level;уровень военно-морской базы
university_base_level;уровень университета
bank_base_level;уровень банка
apply;Применить
ok;ОК
close;Закрыть
delete;Удалить
new;Новый
reset;Сбросить
every;Каждый
ready;Готовый
any;Любой
none;Никакой
random;Случайный
neighboring_province;соседняя провинция
where;где: 
neighboring_nation;соседнее государство
nation;государство
continent;континент
same_continent;на том же континенте
empty_neighboring_province;Пустая соседняя провинция
poor_strata_pop;бедные слои
middle_strata_pop;средние слои
rich_strata_pop;богатые слои
pop;ПОП
owned_province;провинция, принадлежащая
singular_nation;то государство
singular_state;тот регион
singular_province;та провинция
singular_pop;то население
one_of_the_following;один из следующих эффектов:
this_nation;это государство
this_state;этот регион
this_province;эта провинция
this_pop;это население
from_nation;из государства
from_state;из региона
from_province;из провинции
from_pop;из населения
province_in;провинция в
this_nation_culture;Основная культура этой нации
from_nation_culture;Основная культура исходной нации
cultural_union_nation;Страна культурного союза для ее основной культуры
core_of;национальная провинция для
state_of;провинция в
chance_of;шанс:
owner_of;владелец
controller_of;контролёр
location_of_pop;местоположение попа
nation_of_pop;нация попа
capital_of;столица
containing_state;регион, содержащий
adjacent_sea;соседняя морская зона
cultural_union_of;культурный союз
overlord_of;сюзерен
sphere_leader_of;лидер сферы влияния
crisis_state;цель кризиса
reb_independence_nation;нация независимости повстанцев
flashpoint_nation;нация горячей точки
rebel;Повстанцы
flashpoint_tension_label;Напряженность
for_text; для $text$
where_ideology_is;Где его идеология — $text$
where_culture_is;где ее культура — $text$
where_religion_is;Где его религия $text$
of_type;типа $text$
no_nation;нет нации
declare_war_on;Объявить войну $text$
attacker_wg_label;Военная цель атакующего: $text$
defender_wg_label;Цель войны защиты: $text$
attacker_no_allies;Союзники атакующего не будут вызваны
attacker_yes_allies;Союзники атакующего будут вызваны
war_start_date_desc;война началась в ?Y$date$?!
cmp_ge;по крайней мере
cmp_le;не более
cmp_gt;больше, чем
cmp_lt;меньше чем
cmp_eq;есть
cmp_ne;нет
cmp_has_eq;имеет
cmp_has_ne;нет
cmp_has_lt;имеет меньше чем
cmp_has_gt;имеет более
cmp_has_ge;имеет как минимум
cmp_has_le;имеет не более
all_of_the_following;Все следующее:
any_of_the_following;Любое из следующего:
nation_at_war_against;нация воюет против
core_in;национальная провинция в
colonial_pop;расположен в колониальной провинции
substate_of;подсостояние
nation_in_sphere;нация в сфере
year;год
month;месяц
a_port;порт
national_rank;национальный рейтинг
att_technology;технология
alice_technology_leadership_points;Очки лидерства:
strata;пласты
rich;богатый
poor;бедный
middle;средний
minimum_state_life_raing;минимальный рейтинг жизни в штате
an_empy_adj_prov;пустая соседняя провинция
belongs_to_same_state;принадлежит тому же региону, что и $text$
does_not_belong_to_same_state;не принадлежит тому же региону, что и $text$
contains_blank;содержит $text$
does_not_contain_blank;не содержит $text$
times_target_needs_spending;раз траты на нужды
unemployment;безработица
slavery;рабство
allowed;допустимый
a_slave_state;рабовладельческий штат
a_slave;раб
an_independent_nation;независимое государство
non_prim_culture_pops;население не основной культуры
government;правительство
capital;столица
technology_school;школа технологий
primary_culture;основная культура
primary_culture_pop;население основной культуры
an_accepted_culture;признанная культура
culture;Культура
dominant_culture;доминирующая культура
a_primary_or_accepted;основная или принятая культура
rebel_culture;повстанческая культура
this_nation_prim_culture;основная культура или принятая культура этой нации
from_nation_prim_culture;основная культура или принятая культура нации
culture_group;группа культур
dominant_culture_group;доминирующая культурная группа
primary_culture_group;основная культурная группа
a_core_ob;национальная провинция, принадлежащая
rebel_culture_group;повстанческая культурная группа
this_nation_culture_group;то же, что и культурная группа этой нации
from_nation_culture_group;то же, что и культурная группа страны происхождения
rebel_religion;мятежная религия
this_nation_religion;национальная религия этой нации
from_nation_religion;национальная религия нации
province_terrain;рельеф провинции
rgo_production;РГО
a_secondary_power;колониальная держава
owner;владелец
an_active_rebel;активная фракция повстанцев
a_member_of;участник
unclaimed_cores;невостребованные ядра
a_cultural_union;культурный союз
union_for_pop;культурный союз населения
union_for_nation;культурный союз нации
the_rebel_ind_nation;мятежная нация
capitalists_can_build;капиталистам разрешено строить заводы
capitalists_cannot_build;капиталистам не разрешено строить заводы
at_war;в состоянии войны
total_blockade;полная блокада
owns;владеет
does_not_own;не владеет
controls;контролируют
does_not_control;не контролирует
a_core_in;ядро в
a_core_of;ядро
a_core_of_owner;ядро его владельца
located_in_a_core_of;расположен в коренной провинции
percentage_reb_control;доля провинций контролируемы повстанцами
num_of_reb_control;количество провинций, контролируемых повстанцами
num_owned_provinces;количество принадлежащих провинций
num_provinces_owned_by;количество провинций, принадлежащих
num_of_ports;количество портов
num_of_allies;количество союзников
num_of_vassals;количество вассалов
owned_by;принадлежит
exists;существует
does_not_exist;не существует
att_set;назначить
in;в
located_in;расположен в
the_owner_of_region;владелец каждой провинции в
a_casus_belli_against;основание войны против
military_access_with;проход войск к
prestige_of;престиж
prestige;Престиж
a_railroad;железная дорога
a_fort;форт
a_naval_base;морская база
a_factory;завод
build_factory;Построить фабрику
upgrade_factory;Расширить фабрику
build_province_building;Построить здание в провинции
resource_potential;Ресурсный потенциал
available_potential;Местные ресурсы позволяют построить ?Y$val$?W уровней зданий, производящих $what$
factory_level;Уровень фабрики ?Y$val$
empty;незанято
blockaded;в блокаде
national_modifier;национальный модификатор
provincial_modifier;провинциальный модификатор
part_of;часть
a_border_with;граница с
units_in_province;юниты в провинции
units_in_the_province;юниты в провинции
units_in_the_state;юниты в регионе
at_war_against;в войне против
num_of_divisions;число батальонов
an_ongoing_battle;активная битва
an_assigned_leader;назначенный лидер
leader_prestige;Престиж лидера
treasury;казна
o_treasury;казна владельца
o_of_prov;владелец провинции
percentage_unowned_cores;процент неконтролируемых национальных провинций
a_vassal;вассал
ruling_party_ideology;идеология правящей партии
ruling_party;правящая партия
enabled;включён
political_reform_desire;желание политических реформ
social_reform_desire;желание социальных реформ
num_of_ships;число кораблей
crime_percent;доля провинций с преступностью
national_religion;национальная религия
member_of_nat_religion;последователь национальной религии
dominant_religion;ведущая религия
same_rel_as_this;та же религия как у этого государства
this_pop_culture;культура этого населения
this_nation_primary_culture;основная культура этой нации
this_nation_accepted_culture;принятая культура этой нации
coastal;прибрежный
in_sphere_of;в сфере влияния
a_producer_of;производитель
next_reform;следующая реформа
always;всегда
never;никогда
percentage_recruited;процент завербованного населения
in_cultural_core_prov;в провинции с ядром той же культуры
nationalism;национализм
overseas;заморское
overseas_pop;находится в заморской провинции
controlled_by_rebel;контролируется повстанцами
controlled_by;контролируется
state_capital;столица региона
loc_state_capital;расположен в столице региона
a_truce_with;перемирие с
att_population;население
size;Размер
pops_of_type;население типа
of_type_plain;типа
ai_controlled;управляемый ИИ
a_leader_named;лидер с именем
a_possible_vassal;возможный вассал
a_vassal_of;вассал
a_substate_of;регион
allied_to;союзник
has_recently_lost_war;недавно проиграл войну
has_not_recently_lost_war;недавно не проигрывал войну
mobilized;мобилизованный
mobilization_size;размер мобилизации
admin_spending;административные расходы
employment_type_no_education;Тип занятости: ?YБез образования?W
employment_type_basic_education;Тип занятости: ?YНачальное образование?W
employment_type_high_education_and_accepted;Тип занятости: ?YВысшее образование и принятая культура?W
employment_type_high_education;Тип занятости: ?YВысшее образование?W
employment_type_guild_education;Тип занятости: ?YЦеховое образование?W
alice_trade_attractiveness;Привлекательность торгового маршрута
trade_center;Торговый центр
trade_center_desc;Торговые центры управляют торговлей внутри рынка и между рынками штатов, закупая товары до желаемого запаса и продавая излишки соседям.
trade_center_employment;Сотрудники торгового центра: ?Y$value$?W
trade_centre_max_throughput;Макс. пропускная способность: ?Y$value$?W
local_admin;Местная администрация
capital_admin;Столичная администрация
local_admin_spending;Ориентировочная стоимость: ?Y$value$?W
admin_employment;Сотрудники администрации: ?Y$value$?W
target_employment;Целевая занятость: ?Y$value$?W
employment_satisfaction;Удовлетворенность занятостью: ?Y$value$?W
wage;Зарплата: ?Y$value$?W
local_admin_efficiency;Местные администрации на ?Y$value$?W менее эффективны, чем столичная.
admin_production;Эта администрация производит ?Y$value$?! очков контроля, которые распространяются на соседние провинции.
province_control_scale;Доступные очки контроля: ?Y$value$?!
province_control_scale_trade_incoming;?G+$value$ контроля получено от торговли из $prov$?!
province_control_scale_trade_outgoing;?R-$value$ контроля передано через торговлю в $prov$?!
province_control_scale_from_state_capital;?G+$value$ контроля получено из столицы региона $prov$?!
province_control_scale_to_state_capital;?R-$value$ контроля передано в область столицы $prov$?!
province_control_scale_adjacency_received;?G+$value$ контроля получено от соседства с $prov$?!
province_control_scale_adjacency_sent;?R-$value$ контроля передано в соседнюю $prov$?!
province_control_change;Прогнозируемое изменение контроля: ?Y$value$?!
province_control_decay;Прогнозируемый спад очков контроля: ?Y$value$?!
admin_cost_of_province;Стоимость администрации провинции в очках контроля: ?Y$value$?!
admin_cost_of_province_area;От площади: ?Y$value$?!
admin_cost_of_province_population;От населения: ?Y$value$?!
admin_cost_of_province_coastal;?G-$value$ из-за береговой линии?!
admin_cost_of_province_river;?G-$value$ из-за крупной реки?!
tax_collection_rate;Уровень сбора налогов: ?Y$value$?!
tax_collection_rate_capital_base;Базовый в столице: ?Y$value$?!
tax_collection_rate_control;От контроля: ?Y$value$?!
tax_collection_rate_efficiency;Изменено на ?Y$value$?! эффективностью налогообложения
poor_potential;Потенциальные налоги с бедных: ?Y$value$?W
mid_potential;Потенциальные налоги со средних: ?Y$value$?W
rich_potential;Потенциальные налоги с богатых: ?Y$value$?W
poor_taxes;Фактические налоги с бедных: ?Y$value$?W
mid_taxes;Фактические налоги со средних: ?Y$value$?W
rich_taxes;Фактические налоги с богатых: ?Y$value$?W
greater_than_edu_spending;больше, чем расходы на образование
support_for_rp;поддержка правящей партии
colonial;колониальный
in_default_to;в дефолте перед
in_bnkrpt;банкрот
num_of_ports_connected;число портов соединённых со столицей
holding_an_election;проводит выборы
set_globally;установлено глобально
national_value;национальные ценности
industrial_score;промышленный рейтинг
industrial_score_of;промышленный балл
military_score;военный счет
military_score_of;военный счет
civilized;цивилизованный
percent_occupied;процент оккупированных провиций
rich_tax;налоги на богатых
middle_tax;налоги на средний класс
poor_tax;налоги на бедных
soc_spending;социальные расходы
edu_spending;расходы на образование
mil_spending;военные расходы
colonies;колонии
dominant_ideology;доминирующая идеология
dominant_issue;доминирующая проблема
poor_militancy;агрессивность бедных слоев
middle_militancy;агрессивность средних слоев
rich_militancy;агрессивность богатых слоев
gt_poor_tax;налог больше, чем налог на бедных
cultural_union;культурный союз
same_cultural_union;то же самое, что культурный союз
non_accepted_pops;непринятое население
crime;преступность
num_substates;количество субгосударств
num_vassals_no_substates;количество вассалов, не являющихся субгосударствами
num_regiments;количество полков
owner_num_regiments;количество полков владельца
num_regiments_of;количество полков, принадлежащих
times_num_regiments_of;$x$ умноженное на количество полков, принадлежащих
fabricating_on;фабриковать повод для войны
cb_discovered;обнаружена фабрикация повода для войны
cb_not_discovered;фабрикация повода для войны не обнаружена
cb_progress;прогресс изготовления повода для войны
civ_progress;прогресс цивилизации
constructing_a;изготовление
casus_belli;основание войны
nation_in_scope;нация в области действия
a_substate;подгосударство
gw_enabled;великие войны включены
gw_not_enabled;великие войны отключены
ww_enabled;мировые войны включены
ww_not_enabled;мировые войны отключены
can_perform_nationalization;может национализировать
cannot_perform_nationalization;не может национализировать
in_sphere;в сфере влияния
num_states;число штатов
a_releasable_vassal;освобождаемый вассал
recent_immigration;недавняя иммиграция
num_control_days;количество дней под текущим контролем
disarmed;разоружен
social_mov_support;поддержка общественного движения
political_mov_support;поддержка политического движения
a_member_of_social_mov;член общественного движения
a_member_of_political_mov;член политического движения
cultural_sphere_members;члены сферы в одной культурной группе
pops;ПОПы
this_pop_religion;религия населения
pops_with;население с
life_needs_satisfaction;удовлетворение жизненных потребностей
everyday_needs_satisfaction;удовлетворение повседневных потребностей
luxury_needs_satisfaction;удовлетворение потребностей в роскоши
present_in_state;присутствует в регионе
flashpoint;Горячая точка
plurality_pop;большинство населения в стране
an_ongoing_crisis;текущий кризис
there;Там
current_crisis;текущий кризис
liberation_crisis;кризис освобождения
colonial_crisis;колониальный кризис
claim_crisis;кризис претензий
involved_in_crisis;участвует в кризисе
poor_life_needs_satisfaction;удовлетворение жизненных потребностей бедных слоев населения
poor_everyday_needs_satisfaction;бедные слои — удовлетворение повседневных потребностей
poor_luxury_needs_satisfaction;бедные слои населения — удовлетворение потребностей в роскоши
middle_life_needs_satisfaction;удовлетворение жизненных потребностей среднего слоя
middle_everyday_needs_satisfaction;средний слой — удовлетворение повседневных потребностей
middle_luxury_needs_satisfaction;средний слой — удовлетворение потребностей в роскоши
rich_life_needs_satisfaction;удовлетворение жизненных потребностей богатых слоев населения
rich_everyday_needs_satisfaction;богатые слои — удовлетворение повседневных потребностей
rich_luxury_needs_satisfaction;богатые слои — удовлетворение потребностей в роскоши
dip_influence_over;дипломатическое влияние на
relationship_with;отношения с
this_pop_type;этот тип населения
nat_variable;национальная переменная
support_in_uh;поддержка в верхней палате
support_in;лояльность в
scope_province;провинция в области действия
able_build_rr;можно построить железную дорогу в этой провинции
able_build_fort;можно построить форт в этой провинции
able_build_naval_base;можно построить военно-морскую базу в этой провинции
work;Работа
available_for;доступно для:
support;поддержка
percentage;процент
stockpile;склад
potentials;Потенциалы
this_nat_religion;национальная религия этой страны
from_nat_religion;национальная религия страны
event_show_requirements;Требования к событию
event_only_other_requirements;Это событие инициируется только другими событиями
event_show_odds;Коэффициенты события
value_mod_product;Значение $val$ является произведением:
value_mod_sum;Значение $val$ — это сумма:
value_mod_sum_factor;Значение $val$ в $x$ раз превышает сумму:
admin_explain_1;Модификатор административной эффективности $val$
admin_explain_2;Применимо к соотношению неколониальных бюрократов: $val$
admin_explain_3;До необходимого процента: $val$ (база $x$+$y$ от реформ)
factory_condition_1;Нация цивилизованная
factory_condition_2;Это не колониальное государство
factory_condition_3;Правящая партия разрешает строить заводы
factory_condition_4;В штате меньше $val$ заводов
factory_condition_8;Тип фабрики разрешен в колониальных штатах
cant_subsidize_explanation;Правящая партия не позволяет нам субсидировать заводы
percent_of_pop_strata;$val$ населения своих слоев
cant_prioritize_explanation;Правящая партия не позволяет нам менять приоритет фабрики
factory_upgrade_condition_1;Нация цивилизованная
factory_upgrade_condition_2;Это не колониальное государство
factory_upgrade_condition_3;Технологические требования для строительства завода выполнены.
factory_upgrade_condition_4;Ваша нация является великой державой, а целевая нация — нет.
factory_upgrade_condition_5;Цель инвестиций цивилизованная
factory_upgrade_condition_6;Правящая партия инвестиционной цели разрешает иностранные инвестиции
factory_upgrade_condition_7;Цель инвестиций не воюет с вами
factory_upgrade_condition_8;Правящая партия разрешает модернизацию заводов
factory_upgrade_condition_9;Фабрика еще не обновляется
factory_upgrade_condition_10;Фабрика не на максимальном уровне
factory_build_condition_11;Штат имеет доступный ресурсный потенциал
factory_upgrade_condition_11;Штат имеет доступный ресурсный потенциал
factory_delete_header;Удалить фабрику
factory_delete_not_allowed;Правящая партия не позволяет нам удалять фабрики
factory_level;Уровень фабрики ?Y$val$
factory_employment;Сотрудники фабрики: ?Y$val$
factory_stats_1;Эта фабрика в настоящее время работает на $val$ мощности.
factory_stats_2;Эта фабрика нацелена на мощность $val$
factory_stats_3;За предыдущий день было произведено $val$ единиц $x$
factory_stats_4;За предыдущий день он получил прибыль в размере $val$.
factory_stats_5;Наличие сырья:
factory_stats_6;Доступность сырья эффективности:
factory_stats_7;Бонус к пропускной способности от масштаба: ?G+$val$?!
factory_stats_wage;Заработная плата:
factory_stats_wage_no_education;Зарплата необученным рабочим
factory_stats_wage_basic_education;Зарплата обученным ремесленникам
factory_stats_wage_high_education;Зарплата экспертам
factory_stats_expenses;Общие расходы
factory_stats_desired_income;Желаемая чистая прибыль
factory_money_flow_sum;?Y$value$?W — прогнозируемая прибыль (доходы минус расходы)
factory_money_flow_sales;?G$value$?W — прогнозируемый доход от продаж
factory_money_flow_primary_inputs;?R$value$?W — прогнозируемые расходы на сырье
factory_money_flow_secondary_inputs;?R$value$?W — прогнозируемые расходы на сырье эффективности
factory_money_flow_expansion;?R$value$?W — прогнозируемые расходы на расширение фабрики
factory_money_flow_maintenance;?R$value$?W — прогнозируемые расходы на обслуживание фабрики
factory_money_flow_wages;?R$value$?W — прогнозируемые расходы на зарплаты рабочим
factory_expansion_rate;Мы прогнозируем, что фабрика расширится, чтобы вместить ?Y$value$?W дополнительных рабочих
factory_hiring_rate_unqualified;Мы прогнозируем, что фабрика попытается ?Gнанять?W ?Y$value$?W человек в качестве ?Yнеквалифицированных рабочих?W. (Текущая цель: ?Y$x$?W)
factory_hiring_rate_primary;Мы прогнозируем, что фабрика попытается ?Gнанять?W ?Y$value$?W человек в качестве ?Yремесленников?W. (Текущая цель: ?Y$x$?W)
factory_hiring_rate_secondary;Мы прогнозируем, что фабрика попытается ?Gнанять?W ?Y$value$?W человек в качестве ?Yуправляющих и инженеров?W. (Текущая цель: ?Y$x$?W)
factory_firing_rate_unqualified;Мы прогнозируем, что фабрика попытается ?Rуволить?W ?Y$value$?W ?Yнеквалифицированных рабочих?W. (Текущая цель: ?Y$x$?W)
factory_firing_rate_primary;Мы прогнозируем, что фабрика попытается ?Rуволить?W ?Y$value$?W ?Yремесленников?W. (Текущая цель: ?Y$x$?W)
factory_firing_rate_secondary;Мы прогнозируем, что фабрика попытается ?Rуволить?W ?Y$value$?W ?Yуправляющих и инженеров?W. (Текущая цель: ?Y$x$?W)
factory_hired_unqualified;Фабрика наняла ?Y$value$?W ?Yнеквалифицированных рабочих?W для выполнения простых задач. ?YНеквалифицированный рабочий?W дает только ?R$x$?W от производства ?Yремесленника?W.
factory_hired_primary;Фабрика наняла ?Y$value$?W ?Yремесленников?W.
factory_hired_secondary;Фабрика наняла ?Y$value$?W ?Yуправляющих и инженеров?W. Они увеличивают выпуск продукции фабрики в ?G$x$?W раз.
factory_throughput_explanation;Пропускная способность — это показатель мощности фабрики. Она измеряется в ?Gпроизводственных единицах?W. Пропускная способность определяет как потребление сырья, так и выпуск продукции. Единственным источником пропускной способности являются ?Gединицы занятости?W, создаваемые ?Yнеквалифицированными рабочими?W и ?Yремесленниками?W. Технологический прогресс может увеличить количество ?Gпроизводственных единиц?W, создаваемых одним рабочим. Текущий модификатор пропускной способности: ?G$val$?W. Таким образом, текущие ?Y$y$?W единиц занятости дают ?Y$x$?W (?G$val$?W от ?Y$y$?W) производственных единиц.
factory_throughput_base;В Project Alice фабрики должны инвестировать в товары эффективности, чтобы получить доступ к национальным множителям от технологий. Текущие инвестиции дают ?G$val$?W базовый множитель пропускной способности.
factory_throughput_modifiers;Условия местной провинции дают множитель пропускной способности, равный ?G$val$?W
factory_throughput_subsistence;Местные условия городского жилья изменяют пропускную способность на ?R$val$?W
factory_input_multiplier_explanation;Множитель сырья — сильнейший промышленный множитель, так как он не страдает от убывающей отдачи. Напротив, чем больше источников этого множителя вы накапливаете, тем сильнее он становится. Текущий множитель равен ?G$val$?W.
factory_input_multiplier_competition;Местная конкуренция между капиталистами заставляет фабрики работать эффективнее и потреблять только ?G$val$?W от необходимого сырья.
factory_input_multiplier_scale;Небольшим фабрикам приходится экономить, чтобы выжить, текущая фабрика имеет множитель ?G$val$?W по этой причине.
factory_input_multiplier_specialisation;Научные, политические и правовые приоритеты согласованы, чтобы предоставить этой отрасли множитель сырья ?G$val$?W.
factory_input_multiplier_modifiers;Различные технологии и изобретения дают этой фабрике дополнительный множитель сырья ?G$val$?W.
factory_output_multiplier_explanation;Множитель выпуска — сильный множитель, но страдает от убывающей отдачи. В настоящее время эта фабрика имеет множитель выпуска ?G$val$?W.
factory_output_multiplier_lack_of_inputs;Из-за нехватки сырья выпуск этой фабрики умножается на ?R$val$?W.
factory_output_multiplier_efficiency_inputs;Для достижения полного выпуска фабрика должна потреблять товары эффективности. Сейчас она получает множитель ?R$val$?W из-за невозможности сделать это.
factory_output_multiplier_secondary_workers;Множители выпуска от технологий не бесплатны в Alice. Нанятые ?Yуправляющие и инженеры?W отвечают за внедрение эффективных практик и обслуживание машин. В настоящее время они дают фабрике множитель выпуска ?G$val$?W.
factory_output_multiplier_modifiers;Различные технологии и изобретения дают дополнительный множитель ?Y$val$?W.
factory_historical_profitability_unqualified;Исторически мы нанимали ?Y$val$?W неквалифицированных рабочих в периоды высокой прибыльности.
factory_historical_unprofitability_unqualified;Исторически мы нанимали ?Y$val$?W неквалифицированных рабочих в периоды низкой прибыльности.
factory_historical_profitability_primary;Исторически мы нанимали ?Y$val$?W квалифицированных рабочих в периоды высокой прибыльности.
factory_historical_unprofitability_primary;Исторически мы нанимали ?Y$val$?W квалифицированных рабочих в периоды низкой прибыльности.
factory_historical_profitability_secondary;Исторически мы нанимали ?Y$val$?W экспертов в периоды высокой прибыльности.
factory_historical_unprofitability_secondary;Исторически мы нанимали ?Y$val$?W экспертов в периоды низкой прибыльности.
speed;$val$ км/ч
shift_to_hold_open;Удерживать ?YSHIFT?! чтобы оставить это окно открытым, нажмите ?YSHIFT-щелчок правой кнопкой мыши?! построить это в каждом штате (но не расширять)
factory_upgrade_shortcuts;?YSHIFT-щелкните левой кнопкой мыши?W модернизируйте ?Gall?! заводы в штате\n?YSHIFT-щелкните правой кнопкой мыши?W модернизируйте ?Gall прибыльный?W заводы в штате\n?YCTRL-щелкните левой кнопкой мыши?W обновить ?Gall?W фабрики в стране\n?YCTRL-щелкнуть правой кнопкой мыши?W обновить ?Gall прибыльно?W фабрики в стране\n?YCTRL-SHIFT-щелкнуть левой кнопкой мыши?W обновить ?Gall прибыльно при полной занятости?W заводы в штате\n?YCTRL-SHIFT-щелкните правой кнопкой мыши?W обновление ?Gall прибыльно при полной занятости?W заводы в штате
factory_total_size;Всего фабрик: ?Y$val$?!
factory_consumer_count;Фабрики потребительских товаров: ?Y$val$?!
factory_heavy_count;Предприятия тяжелой промышленности: ?Y$val$?!
factory_military_count;Военные заводы: ?Y$val$?!
factory_processing_count;Перерабатывающие фабрики: ?Y$val$?!
factory_industrial_and_consumer_count;Промышленные и потребительские фабрики: ?Y$val$?!
blank_org_gain;прирост организации
plurality_change_reason;(на основе средней сознательности)
revanchism_reason;На основе количества неконтролируемых национальных провинций
allow_reform_cond;Требования:
reform_effect_if_desc;Когда активирован, если
reform_effect_then_desc;Тогда:
reform_effect_desc;Когда активирован:
special_rules;Особые правила:
voting_rules;Правила голосования:
hide_decision;Скрыть уведомления для этого решения
sup_point_gain;Ежемесячный прирост очков подавления: ?G+$val$
sup_point_explain;Из: базовая ставка $x$ x $y$ от бюрократов x $val$ от нашего модификатора
pop_size_1;В ближайший месяц ожидается, что размер этого поселения изменится на:
pop_size_2;От роста:
pop_size_3;От повышения и понижения:
pop_size_4;Из ассимиляции:
pop_size_5;Из внутренней миграции:
pop_size_6;От колониальной миграции:
pop_size_7;Из эмиграции:
pop_size_8;Из преобразования:
pop_l_migration_header;?YМигрировало отсюда: $val$
pop_l_c_migration_header;?YКолониальная миграция отсюда: $val$
pop_l_emigration_header;?YЭмиграция отсюда: $val$
pop_mig_1;Внутренней миграции из колониальных провинций нет
pop_mig_2;Рабы не мигрируют внутри страны
pop_mig_3;Количество людей, которые будут мигрировать внутри страны, равно размеру населения, умноженному на масштаб иммиграции ($x$), умноженному на модификатор притока иммигрантов в провинции ($y$), умноженному на коэффициент миграции ($val$).
pop_mig_4;?YКоэффициент миграции:
pop_migration_bureaucracy;Бюрократия должна перемещаться для управления землей: $x$
pop_migration_culture;Население предпочитает мигрировать на национальные земли своей культуры: $x$
pop_cmig_1;У страны нет колоний
pop_cmig_2;Колониальной миграции из колониальных провинций нет
pop_cmig_3;Рабы не мигрируют колониально
pop_cmig_4;Богатые слои населения не мигрируют колониально
pop_cmig_5;Фабричные рабочие не мигрируют в колонии
pop_cmig_6;Количество людей, которые будут мигрировать колониально, равно размеру населения, умноженному на масштаб иммиграции ($x$), умноженному на модификатор притока иммигрантов в провинции ($y$), умноженному на модификатор колониальной миграции в провинции ($num$), умноженный на коэффициент колониальной миграции ($val$)
pop_cmig_7;?YКоэффициент колониальной миграции:
pop_emg_1;Население может эмигрировать только из цивилизованных стран
pop_emg_2;Эмиграции из колониальных провинций нет
pop_emg_3;Рабы не эмигрируют
pop_emg_4;ПОПы без заморской культуры не эмигрируют
pop_emg_5;Количество людей, которые эмигрируют, равно размеру населения, умноженному на масштаб иммиграции ($x$), умноженному на модификатор притока иммигрантов в провинции ($y$, возведенный в квадрат, если он больше 100%), умноженному на коэффициент эмиграции ($val$)
pop_emg_6;?YКоэффициент эмиграции:
pop_prom_1;?YКоэффициент продвижения:
pop_prom_2;Из национального фокуса: ?G$val$
pop_prom_3;0 (из-за национальной направленности)
pop_prom_4;?YКоэффициент понижения:
pop_prom_5;Поскольку коэффициент понижения отрицательный, ПОП сейчас не понижается
pop_prom_7;Поскольку коэффициент продвижения отрицательный, ПОП сейчас не продвигается
pop_prom_8;Количество людей, которые продвинутся, равно размеру ПОПа, умноженному на масштаб продвижения ($x$) и на коэффициент продвижения ($val$)
pop_prom_9;Количество людей, которые понизятся, равно размеру ПОПа, умноженному на масштаб продвижения ($x$) и на коэффициент понижения ($val$)
pop_prom_housing_multiplier;Нехватка городского жилья мешает продвижению ПОПов и умножает шанс на $val$
pop_con_1;Ежемесячное изменение сознательности:
pop_con_2;Является суммой:
pop_con_3;От удовлетворения потребностей в роскоши: ?G+$x$
pop_con_4;Из процента местных священнослужителей ($val$): ?R$x$
pop_con_5;Коэффициент плюрализма и грамотности: ?G+$x$?!, который является произведением:
pop_con_6;Плюрализм: $x$
pop_con_7;Национальный модификатор влияния грамотности на сознательность: $x$
pop_con_8;Импакт-фактор грамотности: $x$
pop_con_9;Грамотность населения: $x$
pop_con_10;Фактор колониального сознания: $x$
pop_con_11;и 0,1
pop_con_12;Модификатор местного населения:
pop_con_13;Модификатор национального поп-сознания:
pop_con_14;Модификатор национального неколониального поп-сознания:
pop_con_15;Национальный непризнанный модификатор массового сознания:
pop_mil_1;Ежемесячное изменение агрессивности:
pop_mil_2;Является суммой:
pop_mil_3;От удовлетворения жизненных потребностей: ?R+$x$
pop_mil_4;Из удовлетворения повседневных потребностей:
pop_mil_5;От удовлетворения потребностей в роскоши: ?G$x$
pop_mil_6;От поддержки консерватизма: ?G$x$
pop_mil_7;От поддержки правящей партии: ?G$x$
pop_mil_8;От желания реформы: ?R+$x$
pop_mil_9;Модификатор агрессивности местного населения:
pop_mil_10;Модификатор агрессивности национальной поп-музыки:
pop_mil_11;Национальный модификатор агрессивности неколониальной поп-музыки:
pop_mil_12;От сепаратизма: ?R+$val$?! (?R+$x$?! умножается на модификатор национального сепаратизма ?R$y$)
pop_mil_13;От военного истощения ?R+$val$?!
pop_lit_1;Ежемесячное изменение грамотности:
pop_lit_2;Является произведением:
pop_lit_3;От процента местных священнослужителей ($val$): $x$
pop_lit_4;Эффективные расходы на образование: $x$
pop_lit_5;Национальный модификатор эффективности образования: $x$
pop_lit_6;Модификатор национального модификатора эффективности образования: $x$
pop_lit_7;Базовая скорость изменения грамотности: $x$
pop_lit_8;И 0,01
pop_literacy_spending;ПОП планирует потратить ?Y$val$?W на образование.
pop_literacy_spending_actually_spent;Удовлетворение спроса на местное образование: ?Y$val$?W.
pop_literacy_spending_required;Максимальные расходы на образование: ?Y$val$?W.
pop_literacy_spending_public;?Y$val$?W расходов будет покрыто из бюджета общественного образования.
pop_literacy_spending_ratio;Удовлетворенное соотношение: ?Y$x$?W.
pop_literacy_spending_result_success;Так как ?Y$x$?W выше ?Y$y$?W, грамотность увеличена на ?Y$val$?W
pop_literacy_spending_result_failure;Так как ?Y$x$?W ниже ?Y$y$?W, грамотность уменьшена на ?Y$val$?W
pop_budget_explanation_header;ПОП накопил ?Y$val$?W в личных активах.
pop_budget_explanation_life_needs;ПОП потратит ?Y$x$?W (из желаемых ?Y$y$?W) на жизненные потребности. Соотношение: ?Y$val$?W
pop_budget_explanation_subsistence;Кроме того, ПОП сам себе добывает ?Y$x$?W желаемых товаров. Общая удовлетворенность: ?Y$y$?W
pop_budget_explanation_everyday_needs;ПОП потратит ?Y$x$?W (из желаемых ?Y$y$?W) на повседневные нужды. Соотношение: ?Y$val$?W
pop_budget_explanation_luxury_needs;ПОП потратит ?Y$x$?W (из желаемых ?Y$y$?W) на роскошь. Соотношение: ?Y$val$?W
pop_budget_explanation_education;ПОП потратит ?Y$x$?W на образование. Подробности в подсказке по образованию.
pop_budget_explanation_investments;ПОП потратит ?Y$x$?W на инвестиции.
pop_budget_explanation_banks;ПОП предоставит ?Y$x$?W национальному банку.
pop_growth_topbar;Ожидается, что в течение следующего месяца оно вырастет на ?G$x$?W.
pop_growth_topbar_2;население изменилось на ?G$x$?W за последние ?Y30?W дней.
pop_growth_topbar_3;Наше взрослое мужское население — ?Y$curr$?W.
pop_growth_topbar_4;Наша общая численность населения составляет ?Y$val$?W.
pop_growth_1;Ежемесячный прирост населения:
pop_growth_2;Так как этот ПОП раб, его прирост делится на ?Y$val$?W.
pop_growth_3;Рост населения пропорционален размеру населения, умноженному на сумму:
pop_growth_4;Фактор роста ?Y$x$?W, который является суммой:
pop_growth_5;Рейтинг жизни в провинции ?Y$x$?W минус минимальный рейтинг жизни ?Y$y$?W, умноженный на ?Y$val$?W, дает суммарно ?Y$value$?W прироста
pop_growth_6;Базовое значение прироста населения ?Y$x$?W
pop_growth_7;Модификатор роста местного населения ?Y$x$?W
pop_growth_8;Модификатор национального роста населения ?Y$x$?W
pop_growth_9;Штраф за голодание ?Y$x$?W из-за удовлетворения потребностей (?Y$y$?W), которое ниже предела голодания ?Y$val$?W
pop_growth_10;Штраф голодания рассчитывается вычитанием предела голодания из удовлетворения жизненных потребностей.
pop_growth_11;Затем коэффициент голодания умножается на шкалу штрафа.
pop_growth_12;Наконец, умножается коэффициент голодания на шкалу штрафа для получения итогового штрафа прироста (?Y$val$?W)
pop_assim_1;Ежемесячная ассимиляция населения: $x$
pop_assim_2;Рабы не ассимилируются
pop_assim_3;Население принятой культуры не ассимилируется
pop_assim_4;Население в колониальных провинциях не ассимилируется
pop_assim_5;Поселения в заморских провинциях не ассимилируются
pop_assim_6;Ассимиляция пропорциональна размеру населения
pop_assim_7;Базовый масштаб ассимиляции: $x$
pop_assim_8;Модификатор национальной скорости ассимиляции: $x$
pop_assim_9;Модификатор местной скорости ассимиляции: $x$
pop_assim_10;0.1 за отсутствие зарубежной культуры
pop_assim_11;$x$ из ядер, присутствующих в провинции
pop_assim_12;Переменные коэффициенты ассимиляции: $x$
pop_conver_1;Месячная конверсия: $x$
pop_conver_2;Поселения государственной религии не конвертируются
pop_conver_3;Поселения не обращаются в другую веру, если в той же провинции нет населения, исповедующего государственную религию.
pop_conver_4;Конверсия пропорциональна размеру всплывающего окна
pop_conver_5;Базовый масштаб конверсии: $x$
pop_conver_6;Модификатор национального коэффициента конверсии: $x$
pop_conver_7;Модификатор локального коэффициента конверсии: $x$
pop_conver_8;Переменные коэффициенты пересчета: $x$
pop_issue_attraction_1;Привлекательность проблемы: $x$
pop_issue_attraction_2;Эта реформа в настоящее время невозможна
pop_issue_attraction_3;Привлекательность проблемы — это результат:
pop_issue_attraction_4;Национальный модификатор желания социальных реформ: $x$
pop_issue_attraction_5;Национальный модификатор желания политических реформ: $x$
pop_issue_attraction_6;И коэффициент привлекательности выпуска: $x$
pop_ideology_attraction_1;Идеологическая привлекательность: $x$
pop_ideology_attraction_2;Эта идеология в настоящее время недоступна
trade_setting_drawing;Использование запасов
trade_setting_filling;Пополнение запасов
trade_setting_stable;Нет активности на складах
trade_commodity_report_1;Текущий мировой спрос: $x$
trade_commodity_report_2;Текущее мировое производство: $x$
trade_commodity_report_3;Текущее мировое потребление: $x$
trade_commodity_report_4;Объем на мировом рынке: $x$
commodity_consumption_header;Потребление населения: жизненные/повседневные/роскошные нужды
commodity_consumed_by;Потребляется:
commodity_production_header;В производственных цепочках фабрик: сырье/выпуск
national_modifiers;Национальные модификаторы
trade_fill;Заполнить
trade_use;Использовать
trade_stockpile_target;Целевая сумма запасов:
trade_stockpile_current;Текущий запас:
diplomacy_wx_1;Ежемесячное истощение войны:
influence_explain_1;В настоящее время мы забанены и не имеем никакого влияния на эту страну.
influence_explain_2;У нас перемирие с этой страной и мы не накапливаем на нее никакого влияния
influence_explain_3;Мы находимся в состоянии войны с этой страной и не имеем на нее никакого влияния
influence_explain_4;Мы вместе со всеми странами накапливаем в общей сложности $x$ влияния ежедневно.
influence_explain_5;Это произведение базового коэффициента прироста влияния ($x$), умноженного на наш национальный модификатор влияния ($y$) и на наш модификатор влияния от технологии ($val$).
influence_explain_6;Национальный модификатор влияния: $x$
influence_explain_7;Модификатор влияния от технологии: $x$
influence_explain_8;Это делится между странами, на которые мы влияем, в результате чего базовый ежедневный прирост составляет: $x$
influence_explain_9;который далее умножается на 1 плюс сумма следующих коэффициентов:
influence_explain_10;$x$ от дискредитации
influence_explain_11;$x$ от соседства
influence_explain_12;$x$ от наличия одного или нескольких участников нашей сферы в качестве соседа
influence_explain_13;$x$ из-за того, что столица не находится на том же континенте, что и наш.
influence_explain_14;$x$ от того, что мы являемся нашим субъектом
influence_explain_15;$x$ от наших отношений
influence_explain_16;$x$ от наших инвестиций в страну
influence_explain_17;$x$ от размера целевой нации
influence_explain_18;$x$ из нашей относительной оценки
until_date;До $x$
add_wg_1;Нельзя добавить цель войны против самого себя
add_wg_2;Вы воюете
add_wg_3;У вас есть как минимум $x$ дипломатических очков
add_wg_4;Текущая поддержка шовинизма ($x$) соответствует порогу для добавления цели войны ($y$)
add_wg_5;Цель войны за статус-кво не была добавлена для вашей стороны
intervene_1;Вмешаться в войну
intervene_2;Вмешаться в великую войну
intervene_3;Это великая держава
intervene_4;Не участвует в кризисе
intervene_5;Прошло не менее $x$ месяцев с начала войны
intervene_6;Вступление в войну не приведет к тому, что вы будете воевать против одной и той же нации дважды или одновременно сражаться с одной и той же нацией и против нее.
intervene_7;Это не кризисная война
intervene_8;Присоединение нарушит перемирие
intervene_9;Поддерживает защитника
intervene_10;У защитников нет других целей войны, кроме статус-кво
intervene_11;Военный счет атакующего составляет не менее $x$
intervene_12;Истощение от войны меньше $x$
intervene_13;Отношения с лидером войны не ниже $x$
intervene_14;Ни один из участников вашей сферы не находится на противоположной стороне
intervene_15;Ни один из ваших союзников не находится на противоположной стороне
intervene_16;Ни одна из ваших армий не находится в провинциях, принадлежащих противоположной стороне
intervene_17;Основной защитник имеет о вас дружеское мнение
military_score_explain_1;Оценка капитальных кораблей: $x$
military_score_explain_2;Набираемые полки: $x$
military_score_explain_3;Действующие полки: $x$
military_score_explain_4;Разоружен? (штрафной коэффициент $x$)
military_score_explain_5;Модификатор потребления припасов: $x$
military_score_explain_6;Средний балл наземного подразделения: $x$
military_score_explain_7;Общее количество лидеров: $x$
industry_score_explain_2;Следующие иностранные инвестиции также суммируются (весовой коэффициент $x$):
industry_score_explain_3;$y$ в $x$
war_goal_1;Добавил: $x$
war_goal_2;Цель: $x$
war_goal_3;Для региона: $x$
war_goal_4;Вторичная нация: $x$
war_goal_5;Тикающий счет войны: $x$
war_goal_6;Если мы оккупируем ?Y$x$?! из провинций, мы получим ?Y$y$?! тикающий военный счет
war_goal_7;У нас есть льготный период ?Y$x$?! дней занять, иначе потеряем ?Y$y$?! ежедневно
war_goal_8;Война началась в ?Y$x$?!, мы должны завершить к ?Y$y$?!
war_goal_9;Льготный период ?Rистек?!
war_goal_10;Вторичный тег: $x$
utt_unit;($country$) - $unit$ ($leader$)\n ($infantry$ / $cavalry$ / $special$)
utt_noleader;нет лидера
war_score_1;От оккупации: $x$
war_score_2;Из боев: $x$
war_score_3;От целей войны: $x$
war_score_4;От блокад: $x$
dp_inf_tooltip_ban;Посольство забанено до $x$
dp_inf_tooltip_discredit;Дискредитован до $x$
discredit_explain_1;Вы не можете дискредитировать себя
discredit_explain_2;Мнение цели о вас лучше, чем враждебное
discredit_explain_3;Великая держава не запрещена
iaction_explain_1;У вас есть как минимум $x$ влияния на цель
iaction_explain_2;Ваше посольство не забанено
iaction_explain_3;Вы не находитесь в состоянии войны с целью
iaction_explain_4;Мнение цели о великой державе в лучшем случае равно ее мнению о вас
expel_explain_1;Вы не можете выслать собственных советников
expel_explain_2;Мнение цели о вас как минимум нейтральное
ban_explain_1;Вы не можете запретить собственное посольство
ban_explain_2;Мнение цели о вас как минимум дружелюбное
dec_op_explain_1;Вы не можете ухудшить мнение о себе нации
dec_op_explain_2;Вы не можете снизить мнение нации о лидере своей сферы
dec_op_explain_3;Мнение цели о вас лучше, чем враждебное
dec_op_explain_4;Мнение цели о великой державе не может быть хуже, чем враждебное
iaction_explain_5;Вы великая держава
iaction_explain_6;Цель — не великая держава
state_transfer_di;Передача региона
state_transfer_button;Передача региона
state_transfer_offer;$actor$ предлагает нам регионы:
state_transfer_desc;Передает право собственности на один регион другой нации
state_transfer_explain_1;Целевая нация — игрок
state_transfer_explain_2;В настоящее время кризиса нет
state_transfer_explain_3;Мы не подданные
state_transfer_explain_4;Они не субъекты
state_transfer_explain_5;У нас мир
state_transfer_explain_6;У нас более 1 региона
state_transfer_explain_7;Должны быть в отношениях субъект-сюзерен
unit_upgrade_desc;Меняет тип юнита. После смены сила юнита падает до 1%
unit_upgrade_explain_1;Выбраны морские или сухопутные юниты
unit_upgrade_explain_2;Тип юнита разблокирован
unit_upgrade_explain_3;Малые суда не могут быть конвертированы в большие
unit_upgrade_explain_4;Армия не отступает, не в бою и не на транспортных судах
unit_upgrade_explain_5;Флот не отступает, не в бою и не перевозит солдат
unit_upgrade_explain_6;Флот пришвартован в морской базе достаточного уровня
cancel_ally_explain_1;Вы не можете расторгнуть союз с самим собой
cancel_ally_explain_2;У вас есть как минимум $x$ дипломатических очков
cancel_ally_explain_3;В настоящее время вы являетесь союзником
cancel_ally_explain_4;Вы сейчас не воюете вместе
cancel_ally_explain_5;Вы не являетесь вассалом целевой нации
ally_explain_1;Вы не можете заключить союз с самим собой
ally_explain_2;У вас есть как минимум $x$ дипломатических очков
ally_explain_3;В настоящее время вы не являетесь союзником
ally_explain_4;Вы обе не великие державы, пока продолжается кризис
ally_explain_5;Вы не подвластная нация
ally_explain_6;В настоящее время вы не находитесь в состоянии войны с целью
ally_explain_7;ИИ примет
ally_explain_8;Цель не является подчиненной нацией
call_ally_explain_1;У вас есть союз с этой страной
call_ally_explain_2;У вас есть как минимум $x$ дипломатических очков
call_ally_explain_3;Вы находитесь на войне
call_ally_explain_4;Эта нация может быть призвана в войну
call_ally_explain_5;ИИ примет
call_ally_explain_6;Сфер-лорд не воюет на вражеской стороне ИЛИ ограничения войн сферы выключены
cancel_access_explain_1;У вас есть как минимум $x$ дипломатических очков
ask_access_explain_1;Вы не можете получить военный доступ самостоятельно
ask_access_explain_2;У вас есть как минимум $x$ дипломатических очков
ask_access_explain_3;ИИ примет
ask_access_explain_4;В настоящее время вы не находитесь в состоянии войны с целью
ask_access_explain_5;Страна является вашим субъектом
cancel_given_access_explain_1;У вас есть как минимум $x$ дипломатических пунктов
cancel_given_access_explain_2;Вы не являетесь субъектом этой нации
give_access_explain_1;Вы не можете предоставить себе военный доступ
give_access_explain_2;У вас есть как минимум $x$ дипломатических очков
give_access_explain_3;В настоящее время вы не находитесь в состоянии войны с целью
increase_rel_explain_1;Улучшает наши отношения на ?G+$x$
increase_rel_explain_2;Вы не можете улучшить свои отношения с самим собой
increase_rel_explain_3;У вас есть как минимум $x$ дипломатических очков
increase_rel_explain_4;Текущие отношения меньше 200
increase_rel_explain_5;В настоящее время вы не находитесь в состоянии войны с целью
decrease_rel_explain_1;Ухудшает наши отношения на ?R$x$
decrease_rel_explain_2;Вы не можете ухудшить свои отношения с самим собой
decrease_rel_explain_3;У вас есть как минимум $x$ дипломатических очков
decrease_rel_explain_4;Текущие отношения больше -200
decrease_rel_explain_5;В настоящее время вы не находитесь в состоянии войны с целью
cancel_w_sub_explain_1;В настоящее время мы субсидируем эту страну ?Y$x$?! в день
cancel_w_sub_explain_2;У вас есть как минимум $x$ дипломатических очков
w_sub_explain_1;Вы не можете предлагать себе военные субсидии
w_sub_explain_2;У вас есть как минимум $x$ дипломатических очков
w_sub_explain_3;В данный момент вы не находитесь в состоянии войны с целью
w_sub_explain_4;Цель находится в состоянии войны
invention_bulb_1;Это изобретение в настоящее время невозможно обнаружить
invention_bulb_2;Это изобретение возможно обнаружить
invention_bulb_3;Это изобретение было обнаружено
not_implemented;Эта функция в настоящее время не реализована
inc_op_explain_1;Нация относится к вам далеко не дружелюбно
add_sphere_explain_1;Нация о вас дружелюбного мнения
add_sphere_explain_2;Нация в настоящее время не находится в сфере другой великой державы
rem_sphere_explain_1;Нация в настоящее время находится в сфере влияния великой державы
rem_sphere_explain_2;Нация о вас дружелюбного мнения
rem_sphere_explain_3;Нация находится в вашей сфере влияния
rem_sphere_explain_4;Удаление нации из вашей сферы влияния увеличит вашу позорную репутацию на ?R$x$
rem_sphere_explain_5;Удаление нации из вашей сферы влияния снизит ваш престиж на ?R$x$
ask_free_trade_agreement;Торговое соглашение
revoke_trade_rights;Отозвать торговые права
msg_trade_rights_revoked;Нация ?Y$y$?W отозвала права свободной торговли ?Y$x$?! в своей стране.
trade_rights_desc;Торговые права дают другой стороне преимущество в торговле, игнорируя пошлины. Нельзя отозвать в течение ?Y$x$ лет.
revoke_trade_rights_explain_1;Прошло достаточно времени с момента введения торговых прав
revoke_trade_rights_explain_2;У нас есть права на расторжение соглашения
free_trade_desc;Если вторая сторона согласна, мы подпишем торговое соглашение, снимающее все тарифы между рынками на ?Y$x$ лет?W.
free_trade_explain_1;Наши торговцы не будут платить их пошлины до ?G$date$?!
free_trade_explain_2;Их торговцы не будут платить наши пошлины до ?R$date$?!
free_trade_explain_3;Мы ввели эмбарго против них
free_trade_explain_4;Они ввели эмбарго против нас
free_trade_explain_5;Цель не субъект ИЛИ Цель является нашим субъектом
free_trade_explain_6;Мы не в сфере
free_trade_explain_7;Цель не в сфере ИЛИ Цель в нашей сфере
free_trade_explain_8;$x$ имеет свободную торговлю с $y$.
issue_embargo;Ввести эмбарго
lift_embargo;Снять эмбарго
embargo_desc;Эмбарго блокирует всю торговлю между нашими рынками.
embargo_explain_1;$x$ вводит эмбарго против $y$.
embargo_explain_2;$x$ вводит эмбарго против $y$.
embargo_explain_3;У нас нет торговых прав в их стране
embargo_explain_4;У них нет торговых прав в нашей стране
embargo_explain_5;Мы не в сфере
embargo_explain_6;Они не в сфере
embargo_explain_7;Цель не в нашей сфере
fab_explain_1;Вы не можете оправдать войну против себя
fab_explain_2;У вас есть как минимум $x$ дипломатических очков
fab_explain_3;В настоящее время вы не выдумываете повод для войны
fab_explain_4;Вы — независимая нация или цель — ваш повелитель
fab_explain_5;Цель не находится в вашей сфере влияния
fab_explain_6;В настоящее время вы не находитесь в состоянии войны с целью
fab_explain_7;Вы можете придумать повод для войны
peace_description;Сделайте мирное предложение, чтобы положить конец военным действиям.
peace_explain_1;Не является подчиненной нацией
peace_explain_2;Цель не является подчиненной нацией
peace_explain_3;По крайней мере одна из сторон является лидером войны
peace_explain_4;Обе стороны являются лидерами войны
peace_explain_5;У вас нет других мирных предложений в работе
war_explain_1;Вы не можете объявить себе войну
war_explain_2;У вас есть повод для войны
war_explain_3;У вас есть как минимум $x$ дипломатических очков
war_explain_4;Вы еще не находитесь в состоянии войны с этой страной
war_explain_5;Нет войск внутри этой нации
war_explain_6;Нет войск внутри сюзерена этой нации
war_explain_7;Не является союзником цели
war_explain_8;Не является союзником сюзерена цели
war_explain_9;Цель не является нашим сфер-лордом и не союзник ему
war_explain_10;Цель не является нашим сферлингом
wg_result_1;При добавлении этой военной цели:
wg_result_2;При достижении этой военной цели:
wg_result_3;При неспособности достичь этой военной цели:
wg_not_ready;Вы должны закончить выбор цели войны
crisis_temperature_ex;Текущая кризисная температура равна ?R$value$?W! Достижение ?R100?W вызовет кризисную войну
crisis_mode_no_crisis;Кризиса нет
crisis_mode_finding_attacker;Найти покровителя атакующей стороны
crisis_mode_finding_defender;Найти покровителя для защищающейся стороны
crisis_mode_heating_up;Кризис накаляется
crisis_back_explain_1;Вас интересует кризис
crisis_back_explain_2;Кризис привлек первых сторонников
crisis_add_interest_button;Поинтересуйтесь этим кризисом
crisis_add_interest_button_ex_1;Вы великая держава
crisis_add_interest_button_ex_2;Кризис привлек первых сторонников
crisis_add_interest_button_ex_3;У вас есть хотя бы 1 дипломатическое очко
crisis_offer_button;Сделайте предложение этой стране присоединиться
crisis_offer_button_ex_1;Вы являетесь лидером одной из сторон кризиса
crisis_offer_button_ex_2;Кризис привлек первых сторонников
crisis_offer_button_ex_3;У вас есть хотя бы 1 дипломатическое очко
multiunit_header;$x$ Выбрано юнитов
ai_alliance_1;ИИ в настоящее время ищет союзников
ai_alliance_2;Ваша нация достаточно близко, чтобы помочь в войне
ai_alliance_3;Нет противоречивых амбиций
ai_alliance_4;Военные силы вашей страны достаточно сильны
ai_alliance_5;Обладает общими стратегическими интересами
ai_access_1;ИИ считает одну из ваших войн выгодной для себя
col_start_title;Начать колонизацию региона
col_start_1;Колонизаторы отсутствуют или колонизация на начальной стадии
col_start_2;Ранг вашей нации не ниже $x$
col_start_3;Государство не является объектом колониального кризиса
col_start_4;Вы не участвуете в кризисной войне
col_start_5;Минимальный рейтинг жизни ($x$) меньше или равен рейтингу жизни региона ($y$)
col_start_6;База ?Y$x$
col_start_7;Присутствуют не более трех других колонизаторов
col_start_8;Вы находитесь рядом с регионом или в пределах досягаемости флота
col_start_9;У вас есть как минимум $x$ свободных колониальных очков
col_invest_title;Инвестируйте в свою колонию
col_invest_1;Ранг вашей нации не ниже $x$
col_invest_2;Государство не является объектом колониального кризиса
col_invest_3;Вы не участвуете в кризисной войне
col_invest_4;Без конкуренции вы сможете превратить этот регион в колонию на $x$
col_invest_5;Прошло $x$ дней с момента вашей последней инвестиции
col_invest_6;У вас есть как минимум $x$ свободных колониальных очков
activated_by_with_a_chance_of;Активируется ?Y$x$?!, с шансом:
unit_max_speed;Максимальная скорость ?G$x$?! км/ч
unit_attack;Атака ?G$x$
unit_hull;Корпус ?G$x$
unit_fire_range;Дальность стрельбы ?G$x$
unit_supply_consumption;Потребление припасов ?R$x$
unit_supply_load;Вес припасов ?R$x$
unit_defence;Защита ?G$x$
unit_discipline;Дисциплина ?G$x$
unit_maneuver;Маневр ?G$x$
unit_recon;Разведка ?G$x$
unit_support;Поддержка ?G$x$
unit_evasion;Уклонение ?G$x$
unit_siege;Осада ?G$x$
unit_torpedo_attack;Торпедная атака ?G$x$
unit_build_time;$x$ дней
unit_build_unit_pop_size;$x$ тыс.
unit_build_unit_brigades;$x$/$y$
uv_sort_a;Атк
uv_sort_b;Защ
uv_sort_c;Орг
uv_sort_d;Мор
uv_sort_e;Скр
uv_sort_f;Поп
uv_sort_g;Над
uv_sort_h;Опыт
alice_condition_diplo_points;Имеет как минимум $x$ диплоочков
alice_retreat;Отступить
alice_retreat_1;Прошло $x$ дней с начала сражения
alice_retreat_2;Вы ведущий наступающий или обороняющийся
alice_province_select;Выбирает провинцию
alice_province_deselect;Исключает из выделения
alice_province_selector_on;ВКЛ
alice_province_selector_off;ВЫКЛ
province_selector;Селектор
province_immigrator;Иммигратор
province_victory_points;Победные очки представляют относительную ценность провинции
province_victory_points_base;?G+1 базовое очко?W
province_victory_points_nb;?G+$X$ очков за уровень морской базы?W
province_victory_points_fcount;?G+$X$ очков за заводы?W
province_victory_points_fortsize;?G+$X$ очков за уровень форта?W
province_victory_points_mainlandcore;?Gx2 за материковое ядро?W
province_victory_points_capital;?Gx3 за столицу нации?W
tt_a_bank;банк
tt_a_university;университет
et_add_selector;включить селектор провинций
et_remove_selector;отключить селектор провинций
et_add_immigrator;включить иммигратор провинций
et_remove_immigrator;отключить иммигратор провинций
et_if;Если
et_else_if;Иначе
modifier_province_selector;Селектор провинции
modifier_province_immigrator;Иммигратор провинции
modifier_conversion_rate;Скорость конверсии
modifier_attrition;Истощение
chat_player_joins;$playername$ присоединился
chat_player_leaves;$playername$ отключился
chat_player_ban;$playername$ был забанен
chat_player_kick;$playername$ был выгнан
chat_player_switch;$playername$ выбрал страну $country$
chat_player_oos;$playername$ рассинхронизировался!
chat_player_reload;$playername$ перезагрузил игроков
alice_status_stream;Процесс сохранения $value$
alice_receiving_savegame;Загрузка сохранения с хоста
alice_play_pending_client;$playername$ ещё не готов
alice_stockpile_button_0_0;Национальные запасы служат дополнением к вашей экономической деятельности.
alice_stockpile_button_1_0;Если вы кликнете 10 раз, вы ничего не получите...
alice_stockpile_button_1_1;Я вижу, что вы продолжите кликать...
alice_stockpile_button_1_2;Ладно, я не могу вас остановить.
alice_stockpile_button_2_0;Я бездушная кнопка, идите дальше.
alice_stockpile_button_3_0;Играете с друзьями? Что ж, удачи!
a_alert_reb;У одного из участников нашей сферы есть активные повстанцы:
event_auto;Автоматически выбирать эту опцию до конца сеанса.
event_taken_auto;Эта опция будет автоматически применена ?Y$date$?!.
alice_load_unload_1;Пришвартованный здесь флот имеет достаточную вместимость
alice_load_unload_2;Армия перевозится
alice_load_unload_3;Транспортный флот пристыкован
alice_load_unload_4;Перевозится одна или несколько армий
alice_load_unload_5;Флот пристыкован
alice_unload_fleet;Выгрузить все армии, перевезенные флотом
auto_save_lb;Частота автосохранения
auto_save_1;Каждый день
auto_save_2;Каждый месяц
auto_save_3;Каждый год
auto_save_0;Никогда
monthly_emigration_lab;Ежемесячная эмиграция в (топ-10)
monthly_immigration_lab;Ежемесячная иммиграция из (топ-10)
im_em_header;Прогнозируемая иммиграция/эмиграция для 
alice_unit_relative_attrition;$m$ $n$/$x$/$y$ = ?R$val$?! истощение
unit_arrival_time_text;(прибудет $date$)
ol_unit_standing_text;$m$ $n$/$x$/$y$
unit_moving_text;$m$ $n$/$x$/$y$ -> $prov$ к $date$ (ATK $attunit$ DEF $defunit$ содерж. ?R$cost$?W)
unit_standing_text;$m$ $n$/$x$/$y$ (ATK $attunit$ DEF $defunit$ содерж. ?R$cost$?W)
disarmed_pop;население разоружённой страны
cancel_fac_construction;Отменить строительство завода
cancel_fac_upgrade;Отменить расширение завода
kierkegaard_1;Либо
kierkegaard_2;Или
open_and_sub;Субсидировать и вновь открыть завод
o_set_national_flag;Установить национальный флаг $text$ для владельца
o_add_modifier_until;Владелец провинции получает $text$ до $date$
o_add_modifier;Владелец провинции получает $text$
o_relations_with;Отношения владельца провинции с $text$
o_add_to_treasury; для владельца провинции
w_rgo_prod;Глобальное производство РГО: $x$
w_artisan_prod;Глобальное ремесленное производство: $x$
w_artisan_profit;Прибыль национального ремесленника: $x$
w_artisan_distribution;Национальное распространение ремесленников: $x$
w_fac_prod;Общее заводское производство: $x$
alice_lose_gp;Мы теряем статус ?YВеликой Державы?!
alice_state_select_title;Выбрать регион
alice_national_identity_select_title;Выбрать национальную идентичность
press_esc_to_cancel;Нажмите ?YESC?! для отмены
fort_build_tt_1;Провинция под вашим контролем
fort_build_tt_2;Провинция не находится в осаде
fort_build_tt_3;Текущий уровень $x$ плюс уровень сложности провинции $n$ меньше вашего текущего максимального уровня $y$
nb_build_tt_1;Провинция прибрежная
nb_build_tt_2;Ни одна другая военно-морская база в штате не построена и не строится
rr_build_tt_1;Наша правящая партия разрешает правительству строить железные дороги
tech_ol_tt;?G$x$?! от твоего сюзерена, обладающего этой технологией
tech_year_tt;?G$x$?! с текущего года
disband_all;Распустить все выбранные отряды
alice_play_checksum_host;Несовпадение контрольной суммы с хостом!
alice_play_save_stream;Хост передает вам сохранение...
alice_no_start_game_player_loading;Нельзя начать игру, пока игроки загружаются
alice_no_start_game_invalid_nations;Нельзя начать игру, пока игроки сидят на несуществующих странах
ai_will_accept_po;Они примут это предложение
ai_will_not_accept_po;Они НЕ примут это предложение
close_and_del;Закрыть и удалить фабрику
delete_factory;Удалить фабрику
cb_conditions_header;Условия использования:
as_a_vassal;как вассал
change_state_name_to;изменить имя региона на $text$
alice_join_crisis_offer;$ACTOR$ даст нам следующее, если мы присоединимся к ним в кризисе:
alice_unit_disable_rebel_hunt;Прекратить охоту на повстанцев
alice_regiment_battle_info;$m$ $name$ ?Y$type$?!\nОрганизация: ?Y$organisation$?W\nСила: ?Y$strength$?W
understaffed_regiment;?RЭтот полк не полон и имеет лишь $value$ солдат!?W
tech_queue_explain;?YSHIFT-Клик?! добавляет в очередь, ?YRight-click?! исключает
alice_province_building_build;?YSHIFT-Клик?! построит во всем ?Gрегионе?W.\n?YSHIFT-Right-click?! построит во всей ?Gстране?W.
commodity_shortage;?RНехватка товара
commodity_surplus;?GИзбыток товара
alice_trade_flow_produced;?YВнутреннее производство:
alice_trade_flow_consumed;?YВнутреннее потребление:
alice_trade_flow_label;Обзор рынка:
alice_trade_flow_piechart_producers;Производители
alice_trade_flow_piechart_consumers;Потребители
alice_trade_flow_piechart_workforce;Инвесторы
alice_diplo_release_subject;Освободить субъект
alice_diplo_release_subject_desc;Освобождает одного из наших субъектов.
alice_diplo_release_subject_0;Наш субъект
kill_leader;Убить лидера
annex_null;становится ничейным
meets_the_conditions_of;соответствует условиям 
does_not_meet_the_conditions_of;не соответствует условиям 
fab_finish_date;Ожидается, что фабрикация CB завершится $date$
fab_is_paused;Фабрикация CB временно приостановлена
macro_builder;Макростроитель
macro_total_desc;Общая статистика юнита:
macro_new_template;Новый
macro_switch_type_land;Создать армию
macro_switch_type_naval;Построить флот
macro_warn_overseas;?RНевозможно построить этот юнит за рубежом!?!
macro_warn_culture;?RМожет создаваться только с использованием ПОПов основной культуры!?!
macro_warn_unlocked;?RИспользование юнитов, которые еще не разблокированы!?!
macro_select_province;Пожалуйста, выберите провинцию на карте
macro_warn_insuff;?RНевозможно собрать $x$ $name$ (только $y$)?!
macro_warn_invalid_province;?RПровинция не является частью региона?!
move_to_siege;Приказ: Осаждать при движении (горячая клавиша: V)
move_to_siege_desc;Армия движется в следующую провинцию только после полной оккупации текущей.
strategic_redeployment;Стратегическая передислокация (горячая клавиша: B)
strategic_redeployment_desc;Быстрое перемещение войск, но с нулевой организацией.
pursue_to_engage;Преследовать и атаковать (горячая клавиша: N)
pursue_to_engage_desc;Армия будет преследовать и атаковать армию из целевой провинции.
shortcut_tooltip;Горячая клавиша: ?Y$x$?!
filter_all;Показать ?Yвсе?! соответствующие нации.
filter_allies;Фильтровать по ?Yсоюзникам?!.
filter_enemies;Фильтровать по ?Yврагам?!.
filter_sphere;Фильтровать по странам в нашей ?Yсфере влияния?!.
filter_neighbors;Фильтровать по ?Yсоседям?!.
filter_best_guess;Фильтровать по ?Yрелевантности?!.
alice_warn_war_ends_for_us;?RЭто положит конец войне для всех на нашей стороне?!.
alice_invention_chance;Шансы обнаружить это ?Yизобретение?!:
is_primary_culture;?Y$NAME$?! является основной культурой.
is_primary_religion;?Y$NAME$?! является основной религией.
religion_nation_modifier;Большинство населения исповедует ?Y$NAME$?!
when;Когда:
tt_can_use_nation;Условия для использования этой военной цели:
et_on_add;Эффекты при добавлении военной цели:
et_on_po_accepted;Эффекты принятия мирного предложения:
alice_has_possible_units;Некоторые юниты могут быть построены.
alice_no_possible_units;Нет возможных юнитов для постройки.
CANBUILD_FORCEDISARM;Страна не разоружена.
alice_debt_spending;Включить/отключить расходование долга
alice_loan_size;Наш текущий максимальный кредит составляет $x$.
alice_loan_size_mod;Модификатор лимита займа: ?G+$x$
capitalists_savings_ratio;Норма сбережений капиталистов: ?G$x$?!
middle_class_savings_ratio;Норма сбережений среднего класса: ?G$x$?!
farmers_savings_ratio;Норма сбережений фермеров: ?G$x$?!
landowners_savings_ratio;Норма сбережений землевладельцев: ?G$x$?!
capitalists_investment_ratio;Норма инвестиций капиталистов: ?G$x$?!
middle_class_investment_ratio;Норма инвестиций среднего класса: ?G$x$?!
farmers_investment_ratio;Норма инвестиций фермеров: ?G$x$?!
landowners_investment_ratio;Норма инвестиций землевладельцев: ?G$x$?!
alice_currently_bankrupt;Мы банкроты (до $x$)
alice_no_loans_possible;В настоящее время мы не можем брать кредиты
alice_rf_demands_enforced_trigger;Повстанцы исполнят требования, если:
alice_rf_demands_enforced_effect;При исполнении требований повстанцев:
alice_rf_siege_won_trigger;Если повстанцы выиграют осаду:
alice_rf_siege_won_effect;И если всё вышеперечисленное верно:
may_month_name;Май
alice_ca_cant_influence;Мы не можем изменять влияние в данный момент
alice_gp_status_regain_expiration;Если мы не получим ранг ?Y$x$?W или выше, мы потеряем статус великой державы к ?Y$date$?W!
alice_mil_decay_description;Естественный спад ?G-$x$
alice_con_decay_description;Естественный спад ?R-$x$
x_from_y;?Y$culture$?W $x$ из ?Y$y$?W
x_in_y;$x$ в $y$
alice_reserve_reg_count;$x$ сейчас имеют ?Y$y$?W резервных бригад в бою.
alice_reinforce_battle_mod_top;?Y$x$?W резервных бригад под влиянием модификаторов подкрепления:
alice_reinforce_battle_only_reserve;Только ?Yрезервы?W в бою могут быть пополнены.
alice_reinforce_battle_spending_modifier;Среднее снабжение армии: ?Yx$x$.?W
alice_reinforce_battle_location_modifier;Средний модификатор локации: ?Yx$x$.?W
alice_reinforce_battle_national_modifier;Национальные модификаторы и технологии: ?Yx$x$.?W
alice_reinforce_rate_battle_attacker;Атакующие могут пополнять до $x$ солдат в месяц.
alice_reinforce_rate_battle_attacker_none;Атакующие не получают подкреплений.
alice_reinforce_rate_battle_defender;Защитники могут пополнять до $x$ солдат в месяц.
alice_reinforce_rate_battle_defender_none;Защитники не получают подкреплений.
reinforce_rate;Этот полк пополняет до $x$ солдат в месяц.
reinforce_rate_none;Этот полк сейчас не пополняется.
alice_domestic_investment_button;Инвестирование в отдельные проекты ?Rустарело?W, используйте ползунок ?Yвнутренние инвестиции?W
alice_domestic_investment_pops;У нас есть $x$ инвесторов, которым мы можем помогать
alice_domestic_investment_needs;Им требуется $x$ ежедневно
alice_budget_scaled_inc;Доход: ?G$value$
alice_budget_scaled_1;Налог на бедных: ?G$value$
alice_budget_scaled_2;Налог на средний класс: ?G$value$
alice_budget_scaled_3;Налог на богатых: ?G$value$
alice_budget_scaled_4;Пошлины: ?G$value$
alice_budget_scaled_exp;Расходы: ?R$value$
alice_budget_scaled_5;Содержание армии: ?R$value$
alice_budget_scaled_6;Содержание флота: ?R$value$
alice_budget_scaled_7;Строительство: ?R$value$
alice_budget_scaled_8;Образование: ?R$value$
alice_budget_scaled_9;Администрирование: ?R$value$
alice_budget_scaled_10;Социальные расходы: ?R$value$
alice_budget_scaled_11;Военные расходы: ?R$value$
alice_budget_scaled_12;Внутренние инвестиции: ?R$value$
alice_budget_scaled_13;Зарубежные расходы: ?R$value$
alice_budget_scaled_14;Заполнение запасов: ?R$value$
alice_budget_scaled_15;Военные субсидии: ?R$value$
WARSUBSIDIES_BUTTON;Субсидии
CANCEL_WARSUBSIDIES_BUTTON;Отменить субсидии
CANCEL_WARSUBSIDIES_THEY_ACCEPT_LOG;Мы перестали платить субсидии $RECIPIENT$
CANCEL_WARSUBSIDIES_WE_ACCEPT_LOG;$ACTOR$ перестал платить субсидии нам
CANCEL_WARSUBSIDIES_OTHER_ACCEPT_LOG;$ACTOR$ перестал платить субсидии $RECIPIENT$
CANCEL_WARSUBSIDIES_DESC;Отменить денежную помощь этой стране
production_refit_factory_tooltip_1;Переоборудовать ?Y$what$?! на другую линию
production_refit_factory_tooltip_2;Переоборудовать ?Y$what$?! в ?Y$name$?!
production_refit_factory_tooltip_3;Правящая партия разрешает постройку
production_refit_factory_tooltip_4;Старый и новый типы имеют одинаковое сырье или выпуск
factory_refit;Переоборудовать фабрику
factory_refit_cost;$what$: ?Y$val$?! (?Y$value$?!)
factory_refit_cost_total;Всего: ?Y$value$?!
alice_budget_scaled_16;Дипломатический процент: ?G$value$
alice_budget_scaled_17;Добыча золота: ?G$value$
alice_budget_scaled_net;Чистый доход: ?Y$value$
alice_budget_setting_percent;Установлено на $perc$.
alice_spending_land_construction;Строительство сухопутных войск в $name$: ?R$cost$?W
alice_spending_naval_construction;Строительство верфей в $name$: ?R$cost$?W
alice_spending_building_construction;Строительство зданий в $name$: ?R$cost$?W
alice_spending_factory_construction;Строительство фабрик в $name$: ?R$cost$?W
alice_spending_unit;Всего потрачено на юнит в $name$: ?R$cost$?W
alice_spending_unit_1;Всего потрачено на юнит: ?R$cost$?W
alice_spending_total;?YВсего потрачено:?W
alice_spending_commodity;?R$cost$?W - Требуется $need$ товара $name$ ($val$)
alice_spending_commodity_2;?R$cost$?W - Покупка $need$ товара $name$ (по цене $val$). Прогресс: $x$/$y$
alice_building_id;ID здания: ?Y$val$?!
alice_province_id;ID провинции: ?Y$val$?!
alice_recommended_build;?GРекомендуется построить эту фабрику?W
alice_factory_bonus;Мы получим бонус ?Y$x$?W, если:
alice_factory_inputs;Необходимое сырье:
alice_construction_cost;Стоимость строительства:
alice_building_modifier;Здание дает следующий эффект:
alice_new_building_modifier;Здание даст следующий эффект:
alice_building_level;Уровень здания: ?Y$val$?W
alice_building_conditions;Для постройки должно быть верно:
alice_factory_construction_explain_3;Куплено товаров на сумму: ?Y$x$?W
alice_factory_construction_explain_4;Общая примерная цена: ?Y$x$?W
alice_factory_construction_explain_5;Прогресс: ?Y$x$?W
alice_factory_input_item;?R$cost$?W - Требуется $need$ товара $name$ ($val$)
factory_tier;Уровень: ?Y$x$?W
alice_factory_base_workforce;Базовая рабочая сила ?Y$x$?W
alice_factory_total_bonus;В сумме это дает примерно ?Y$x$?W
alice_slider_controls;?YLeft-Click?W увеличивает на ?Y$value$?W\n?YSHIFT-Left-Click?W увеличивает на ?Y$x$?W\n?YSHIFT-Right-Click?W увеличивает до максимума
alice_slider_controls_2;?YLeft-Click?W уменьшает на ?Y$value$?W\n?YSHIFT-Left-Click?W уменьшает на ?Y$x$?W\n?YSHIFT-Right-Click?W уменьшает до минимума
explain_colonial_points;Вторичные и Великие державы накапливают колониальные очки.
province_has_workers;В провинции есть рабочая сила.
province_has_available_workers;В провинции есть безработные.
nation_is_factory_type_active;Необходимая технология изучена.
nation_is_factory_type_colonies;Этот тип фабрики можно строить в колониях.
payback_time;Срок окупаемости: ?Y$x$?!
construction_cost;Стоимость строительства: ?Y$x$?!
output_value;Стоимость выпуска: ?Y$x$?!
input_value;Стоимость сырья: ?Y$x$?!
profitability;Прибыльность: ?Y$x$?!
alice_lobby_back;Назад в лобби
alice_lobby_back_tt_1;Вы уже в лобби
alice_lobby_back_tt_2;Только хост может вернуться в лобби
alice_lobby_back_player_loading;Нельзя вернуться в лобби, пока идут загрузки
reopen_with_tab;Вы можете открыть это окно нажатием ?YTAB?W
alice_topbar_tab_1;Открыть или закрыть эту вкладку
alice_topbar_tab_2;Открыть или закрыть вкладку населения
colonial_points_from_technology;От технологий:
colonial_points_from_naval_bases;От военно-морских баз:
colonial_points_from_ships;От кораблей:
used_colonial_maintenance;Поддержание существующих колоний:
topbar_pause_speed;Пауза игры
att_call_will_accept;$x$ присоединится к вашей войне
att_call_will_decline;$x$ не присоединится к вашей войне
att_call_is_human;$x$ может присоединиться к вашей войне
att_call_no_allies;У вас нет союзников!
domestic_investment_label;Внутренние инвестиции:
modifier_min_domestic_investment;Мин. ставка внутренних инвестиций
modifier_max_domestic_investment;Макс. ставка внутренних инвестиций
mouse_left_click_mode_label;Режим клика
alice_supply_limit_desc;Лимит снабжения: $x$
alice_factory_worker_1;Занято: ?G$x$?W
alice_factory_worker_2;Безработных: ?R$x$?W
alice_rgo_unemployment_country_alert;В следующих регионах есть безработица на РГО:
pop_promote_info_on_sel_2;$val$ ожидаемое изменение $who$ в $where$ за месяц.
alice_readme;?GДобро пожаловать в Project Alice!?W\nProject Alice — это переосмысление вашей любимой игры викторианской эпохи. Мы улучшаем механику, делая мир более динамичным, исправляем старые баги (например, с кризисами) и добавляем удобные функции.\n?GНовые фичи:?W\n?Y3D-Глобус:?W Если он вам мешает, его можно отключить в настройках.\n?YОчередь технологий:?W SHIFT + ПКМ, чтобы добавить технологию в очередь!\n?YВнутренние инвестиции:?W Инвестируйте в инфраструктуру и проекты в один клик.\n?YПроизводительность:?W Скорость работы игры (тики в секунду) стала как минимум в 10 раз быстрее.\n?YКонструктор макросов:?W Собирайте армии и флоты любого состава в удобном меню.\n?Y11 новых режимов карты:?W Религия, форты, занятость и т.д.\n?YМассовая постройка:?W SHIFT + ПКМ, чтобы строить сразу по всей стране!\n?GУправление:?W\n?YTAB?W: Окно чата | ?YESC?W: Главное меню | ?YТильда (`)?W: Консоль\n?GПриятной игры! =^w^=?W
alice_nf_controls;?YLeft-click?W выбрать\n?YRight-click?W удалить
unit_controls_tooltip_1;?YLeft-click?W выбор\n?YSHIFT-Left-click?W добавить к выбору
unit_controls_tooltip_2;?YRight-click по провинции?W ротация войск
unit_control_group_tooltip;Используйте ?YCTRL-1?W - ?YCTRL-9?W для создания групп
console_button_tooltip;Открыть консоль
demobilize;Демобилизация
mobilize;Мобилизация
alice_cb_creation_detail_none;Выберите цель войны для фабрикации против $country$.
alice_cb_creation_detail;Мы сфабрикуем повод для войны против $country$ по причине ?Y$type$?W. Процесс займет окола ?Y$days$ дн.?W, а раскрытие даст ?R$badboy$?W бесчестья.
alice_cb_creation_detail_state;Мы сфабрикуем повод для войны против $country$ ($state$) по причине ?Y$type$?W. Процесс займет ?Y$days$ дн.?W, а раскрытие даст ?R$badboy$?W бесчестья.
alice_mob_controls;?YRight-click?! для повторной мобилизации
alice_mw_create_1;Нанять генерала
alice_mw_create_2;Нанять адмирала
alice_mw_create_lpb;?YОчки лидерства?W будут автоматически тратиться при достижении лимита
alice_mw_create_lp;Требуется ?R$x$?W ?Yочков лидерства?W
alice_mw_controls_1;?YRight-click?W создать ?Gвсех?! возможных генералов
alice_mw_controls_2;?YRight-click?W создать ?Gвсех?! возможных адмиралов
alice_daily_leadership_tt;$poptype$ дает ?G$value$?W очков лидерства
unit_current_supply;Юнит получил ?Y$val$%?W от необходимого снабжения.
unit_current_supply_high;$what$: ?Y$val$?W/?Y$value$?! (?G$total$%?W удовлетворения)
unit_current_supply_mid;$what$: ?Y$val$?!/?Y$value$?! (?O$total$%?W удовлетворения)
unit_current_supply_low;$what$: ?Y$val$?!/?Y$value$?! (?R$total$%?W удовлетворения)
alice_crisis_inactive;Нет активного кризиса
alice_crisis_finding_attacker;Поиск агрессора для кризиса
alice_crisis_finding_defender;Поиск защитника для кризиса
alice_crisis_heating_up;Кризис накаляется, температура: ?R$temperature$?W
alice_last_crisis;Последний кризис был $date$
alice_crisis_par_1;?RАтакующие?W:
alice_crisis_par_2;?BЗащитники?W:
alice_crisis_par_3;?YЗаинтересованные стороны?W:
alice_commodity_cprice;Текущая цена: $x$
alice_commodity_cost;Стоимость: $x$
alice_commodity_eprice;Эффективная цена: $x$
alice_trade_top_producers;Крупнейшие ?Y$value$?W производителей:
alice_trade_no_producers;?RНикто не производит этот товар?W
alice_political_party_trigger;Доступно с ?Y$date_long_0$?W по ?Y$date_long_1$?W
alice_political_party_no_trigger;Доступно с ?Y$date_long_0$?W по ?Y$date_long_1$?W
alice_ai_decision;Шанс выбора этого решения ИИ зависит от:
alice_mobilized_is_ai_controlled;Будут ли мобилизованные войска под контролем ИИ
alice_ai_controlled_unit;Переключить контроль ИИ для этого отряда
alice_navy_allocation_tt;С ?Y$curr$?W кораблями мы накапливаем пропускную способность...
alice_navy_allocation_2;$name$: ?Y$value$?W (?Y$perc$?W)
alice_wg_condition_1;Не имеет статус-кво как защитник
alice_wg_condition_2;Воюет с нами
alice_wg_condition_3;Уникальная цель войны
alice_wg_condition_4;Не на нашей стороне
alice_wg_condition_5;Удовлетворяет условиям
alice_wg_condition_6;Достаточно шовинизма (нужно $need$, есть $value$)
alice_wg_condition_7;Возможная цель войны
alice_tt_wg_infamy_limit;?RЭта цель войны превысит лимит бесчестья!?!
alice_wg_usage_trigger;Можно использовать только при выполнении условий:
province_id;ID провинции Alice
provid;ID контента провинции
state;Регион
state_id;ID региона
state_definition;Определение региона
state_definition_id;ID определения региона
nation_tag;Тег нации
nation_id;ID нации Alice
province_colonisation_temperature;Температура колонизации: ?R$val$?W
alice_rgo_trade_prod_1;Сельское хозяйство РГО: $x$ ($y$)
alice_rgo_trade_prod_2;Горнодобыча РГО: $x$ ($y$)
alice_rgo_trade_prod_3;Добыча драгметаллов РГО: $x$ ($y$)
alice_artisan_trade_prod;Производство кустарей: $x$ ($y$)
alice_factory_trade_prod;Производство фабрик: $x$ ($y$)
alice_all_trade_prod;Всего произведено: $x$
alice_interested_in_alliance;Автоматически принимать союзы с этой страной
alice_merge_rally_point_why;Точки сбора объединяются автоматически
alice_mvcap_1;Переносит столицу в эту провинцию
alice_mvcap_2;Нет кризиса
alice_mvcap_3;В мире
alice_mvcap_4;Уже не столица
alice_mvcap_5;Не колония
alice_mvcap_6;На том же континенте
alice_mvcap_7;Доминирующая принятая культура
alice_mvcap_8;Провинция не в осаде
alice_mvcap_9;Столица не в осаде
alice_mvcap_10;Принадлежит вам
alice_mvcap_11;Контролируется вами
alice_mvcap_12;Является национальной провинций
alice_take_province_1;Забрать провинцию у субъекта
alice_take_province_2;Это даст ?R$val$ лет национализма?W
alice_take_province_3;Это даст ?R$val$ агрессивности?W населению
alice_take_province_4;Это даст ?R$val$ агрессивности?W другим субъектам
alice_take_province_5;Субъект игрока
alice_take_province_6;Субъект не воюет
alice_take_province_7;Контролируется субъектом
alice_pnt_pops;?YНаселение:?! $x$
alice_pnt_rpops;?YБогатые слои:?! $x$ ($y$)
alice_pnt_mpops;?YСредние слои:?! $x$ ($y$)
alice_pnt_ppops;?YБедные слои:?! $x$ ($y$)
alice_pnt_culture;?YКультура:?! $x$
alice_pnt_religion;?YРелигия:?! $x$
alice_pnt_dominant_religion;?YПреобладающая религия:?! $x$
alice_pnt_dominant_ideology;?YПреобладающая идеология:?! $x$
ledger_ppp_gdp;ВВП (ППС)
ledger_ppp_gdp_per_capita;ВВП (ППС) на 1 млн чел.
ledger_inflation_adjusted_gdp;ВВП
ledger_inflation_adjusted_gdp_per_capita;ВВП на 1 млн чел.
ledger_standard_of_living;Уровень жизни
alice_ledger_header_gdp_history;Динамика ВВП
alice_countryalert_colonialgood_start;Вы можете начать колонизацию региона $region$
alice_overseas_mil_description;Заморская агрессивность
alice_armygroup_go_to_selection;Добавить/Удалить юниты
alice_battleplanner_travel_destination_order;Переключить цель парома
alice_battleplanner_travel_origin_order;Переключить источник парома
alice_battleplanner_defend_order;Режим обороны
alice_battleplanner_enforce_control_order;Режим осады
alice_exit_battleplanner_deselection;Выйти из режима отмены выбора
alice_exit_battleplanner_selection;Выйти из режима выбора
alice_exit_battleplanner;Выйти из планировщика
alice_battleplanner_add_selected;Добавить выбранное
alice_battleplanner_remove_selected;Удалить выбранное
alice_battleplanner_new_army_group;Создать группу армий
alice_battleplanner_delete_army_group;Удалить группу армий
fab_explain_8;Нет перемирия
alice_reform_support_header;Поддержка этой реформы (требуется 50%)
alice_no_current_support;Нет политической поддержки реформы
alice_unciv_reform_cost;Стоимость реформы: $x$
trade_global_data;Мировой
trade_nation_data;Внутренний
trade_good_stats_global;Страны
trade_good_stats_markets;Рынки
trade_good_name_header;Товар
per_nation;По странам
per_commodity;По товарам
price;Цена
commodity_volume;Объем
monetary_transaction_volume;Объем денежных транзакций
transaction_success_probability;Вероятность успешной сделки
factory_output;Выпуск
factory_inputs;Затраты сырья
factory_expected_profit;Ожидаемая прибыль
labour_price;Зарплата
labour_price_10k;Зарплата (10к чел.)
supply;Предложение
demand;Спрос
supply_demand_ratio;Соотношение спрос/предложение
balance;Баланс
market_stockpiles;В наличии
national_stockpile;Нац. запас
government_need;Гос. закупки
factory_need;Потребности фабрик
pop_need;Нужды населения
rgo_production;Добыча РГО
artisan_production;Выпуск кустарей
factory_production;Выпуск фабрик
artisan_distribution;Приоритеты кустарей
produced_nation;Произведено
consumed_nation;Потреблено
nation_name;Нация
demanded_nation;Спрос
method_name;Название
method_input;Стоимость сырья
method_output;Стоимость выпуска
method_profit;Прибыль (ожид.)
method_margin;Маржа
method_cost;Цена постройки
method_payback;Срок окупаемости
change_pname_to;Изменить имя партии $x$ на $text$
change_rpname_to;Изменить имя правящей партии на $text$
change_pposition_to;Изменить позицию партии $x$ на $text$
change_rpposition_to;Изменить позицию правящей партии на $text$
change_factory_limit_by;Изменить потенциал ресурса $good$ на $value$
pname_is;имя партии $x$
rpname_is;имя правящей партии
pposition_is;позиция партии $x$
rpposition_is;позиция правящей партии
topbar_budget_warning;Вчера не удалось полностью профинансировать целевой бюджет
provinceview_goodsprofit;С прибылью в: ?Y$value$
provinceview_max_employment;Макс. потенциальная занятость: ?Y$value$
province_rgo_efficiency_inputs;Сырье эффективности:
province_rgo_efficiency_input;?Y$good$?W : ?Y$value$
rgo_output;Выпуск
rgo_profit;Всего
rgo_expected_profit;Реальная
rgo_desired_profit;Мин.
rgo_employment;Реальная
rgo_max_employment;Макс.
rgo_saturation;%
rgo_details_header;Детали РГО
rgo_employment_header;Занятость
rgo_profits_header;Прибыль
route_origin;Источник
route_target;Цель
price_origin;Цена источника
price_target;Цена цели
trade_distance;Дистанция
volume;Объем
actual_volume;Фактический объем
max_throughput;Макс. объем
trade_margin;Прибыль %
used_throughput_tooltip;Объем, используемый всеми маршрутами: ?Y$val$?W
max_throughput_tooltip;Макс. объем для маршрутов в провинции: ?Y$val$?W
tariff_rate_origin;Ставка пошлины продавца: ?Y$val$
tariff_rate_target;Ставка пошлины покупателя: ?Y$val$
tariff_paid_origin;Пошлины, уплаченные продавцом: ?Y$val$
tariff_paid_target;Пошлины, уплаченные покупателем: ?Y$val$
transport_cost_total;Общие транспортные расходы: ?Y$val$
transport_cost_per_unit;Транспортные расходы за единицу: ?Y$val$
transportaion_loss;Потери при транспортировке: ?Y$val$
payment_per_unit;Покупатель заплатил за единицу: ?Y$val$
payment_received_per_unit;Продавец получил за единицу: ?Y$val$
merchants_received_per_unit;Прибыль торговцев продавца: ?Y$val$
trade_route_volume_profit_score;Оценка прибыли: ?Y$val$?W
trade_route_volume_profit_score_export;Экспортный балл: ?Y$val$?W
trade_route_volume_profit_score_import;Импортный балл: ?Y$val$?W
trade_route_volume_base_change;Базовое ожидаемое изменение: ?Y$val$?W
trade_route_volume_expansion_multiplier;Множитель расширения: ?Y$val$?W
trade_route_volume_decay;Спад: ?Y$val$?W
trade_route_volume_final_change;Ожидаемое изменение: ?Y$val$
trade_centre_trade_volume;Объем торговли: ?Y$val$
trade_centre_trade_value;Объем торгов (ден.): ?Y$val$
trade_centre_imports_volume;Объем импорта: ?Y$val$
trade_centre_imports_value;Стоимость импорта: ?Y$val$
trade_centre_exports_volume;Объем экспорта: ?Y$val$
trade_centre_exports_value;Стоимость экспорта: ?Y$val$
trade_centre_trade_routes_profit;Прибыль от маршрутов: ?Y$val$
trade_centre_money;Денежный запас: ?Y$val$
trade_centre_estimated_money;Прогнозируемый баланс: ?Y$val$
trade_centre_estimated_change;Прогнозируемое изменение: ?Y$val$
trade_centre_import;Закупки импорта: ?Y$val$
trade_centre_export;Маржа экспорта: ?Y$val$
trade_centre_sold;Продажи: ?Y$val$
trade_centre_bought;Местные закупки: ?Y$val$
trade_centre_investments;Инвестиции ПОПов в торговлю: ?Y$val$
trade_centre_dividents;Дивиденды инвесторам: ?Y$val$
trade_centre_factories;Баланс фабрик: ?Y$val$
trade_centre_rgo;Баланс РГО: ?Y$val$
trade_centre_services;Услуги: ?Y$val$
investment_pool;Инвестиционный фонд: ?Y$x$?W
investment_pool_income_1;Реинвестиции населения: ?G$x$?W
investment_pool_income_2;Трансфер от субъекта $country$: ?G$x$?W
investment_pool_income_3;Гос. инвестиции: ?G$x$?W
investment_pool_spending_1;Расходы на стимулы: ?R$x$?W
investment_pool_spending_2;Расходы на строительство: ?R$x$?W
investment_pool_spending_3;Трансфер субъектам: ?R$x$?W
DIPLO_RUN_CONFERENCE;Провести конференцию
unit_reinforcement_needs;Товары для пополнения:
unit_supply_needs;Ежедневное снабжение:
unit_upgrade_button;Сменить тип юнита
subjectpayments_income;Выплаты субъектов: ?G$VAL$?W
subjectpayments_income_row;?G$VAL$?W от ?Y$country$?W
subjectpayments_expense;Выплаты метрополии: ?R$VAL$?W
alice_unit_builder_apply_button;Построить в провинции
unit_macro_template_tooltip;Шаблон макростроителя
alice_factory_type_viewer_priority;Приоритет исследований
alice_factory_type_viewer_priority_national;Национальный приоритет:
alice_factory_type_viewer_priority_private;Частный приоритет:
alice_factory_type_viewer_priority_bonus;Множитель сырья:
alice_commodity_tab;Товары
alice_factory_type_tab;Типы фабрик
alice_player_date_sync;Игрок $name$ ($country$), дата: $date$
alice_only_host_speed;Только хост может менять скорость
alice_host_date;Дата хоста: $date$
alice_budget_gold;Золотые шахты
alice_budget_construction;Строительство
alice_budget_army_upkeep;Содержание армии
alice_budget_navy_upkeep;Содержание флота
alice_budget_domestic_investment;Общественные работы
alice_budget_debt_service;Обслуживание долга
alice_budget_diplo_income;Дипломатические доходы
alice_budget_diplo_expenses;Дипломатические расходы
alice_budget_taxes;Налоги
alice_budget_indemnities;Репарации
alice_budget_subjects;Доход от субъектов
alice_budget_item;Статья
alice_budget_amount;Сумма
alice_budget_minimum_button;Установить минимум
alice_budget_maximum_button;Установить максимум
alice_budget_decrease_button;Уменьшить на 10
alice_budget_increase_button;Увеличить на 10
alice_budget_max;Макс. $x$
alice_budget_min;Мин. $x$
alice_budget_overlord;Налоги сюзерену
alice_budget_expand_tt;Показать подробности
alice_budget_contract_tt;Скрыть подробности
alice_budget_admin_eff1;Админ.
alice_budget_admin_eff2;Эффективность:
alice_budget_chart_top;100%
alice_budget_chart_bottom;0%
alice_budget_chart_label;Пособия
alice_budget_chart_laxis;ПОПы
alice_budget_chart_baxis;Удовлетворенность
alice_budget_debt;Долг
alice_budget_total_debt;Итого долга:
alice_budget_max_debt;Максимальный долг:
alice_budget_debt_enable;Включить долги
alice_budget_tariffs_import;Импортные пошлины
alice_budget_tariffs_export;Экспортные пошлины
alice_budget_overseas_maintanance;Колонии
alice_budget_social_spending;Пособия
tb_suppression_points;Очки подавления:
aristocrat_reinvestment;Норма реинвестиций аристократов
capitalist_reinvestment;Норма реинвестиций капиталистов
middle_class_reinvestment;Норма реинвестиций среднего класса
farmers_reinvestment;Норма реинвестиций фермеров
aristocrat_savings;Норма сбережений аристократов
capitalist_savings;Норма сбережений капиталистов
middle_class_savings;Норма сбережений среднего класса
farmers_savings;Норма сбережений фермеров
disallow_naval_trade;Запретить морскую торговлю
disallow_land_trade;Запретить сухопутную торговлю
alice_filter_all;Все
alice_filter_none;Никакие
alice_filter_noncolonial;Неколониальные
alice_filter_colonial;Колониальные
alice_open_filters;Открыть фильтры
alice_reset_filters;Сбросить фильтры
alice_only_show_pops;Только ПОПы
alice_job_filter_header;Тип
alice_culture_filter_header;Культура
alice_religion_filter_header;Религия
alice_location_filter_header;Локация
alice_pop_show_details;Индивидуальные детали
alice_demographics_window_header;Демография
alice_demographics_size_header;Размер
alice_demographics_job_header;Тип
alice_demographics_religion_header;Религия
alice_demographics_location_header;Локация
alice_demographics_employment_header;Занятость
alice_demographics_needs_header;Нужды
alice_demographics_rebel_header;Верность повстанцам
alice_pop_details_title;Детали ПОПа
alice_pop_details_location;Локация
alice_pop_details_job;Тип:
alice_pop_details_mil;Агрессивность:
alice_pop_details_con;Сознательность:
alice_pop_details_lit;Грамотность:
alice_pop_details_religion;Религия:
alice_pop_details_culture;Культура:
alice_pop_details_employment;Занятость:
alice_pop_details_income;Чистый доход:
alice_pop_details_growth;Рост:
alice_pop_details_assim;Ассимиляция:
alice_pop_details_ln;Жизненные нужды
alice_pop_details_en;Повседневные нужды
alice_pop_details_lx;Роскошь
alice_pop_details_ln_short;ЖН
alice_pop_details_en_short;ПН
alice_pop_details_lx_short;НР
alice_pop_details_need_name_h;Название
alice_pop_details_need_amount_h;Кол-во
alice_pop_details_need_cost_h;Цена
alice_pop_details_dest_h;Назначение
alice_pop_details_table_weight_h;Вес
alice_pop_details_table_item_h;Предмет
alice_pop_details_prom;Продвижение
alice_pop_details_dem;Понижение
alice_pop_details_amount;Количество:
alice_pop_details_ideo;Идеологии
alice_pop_details_iss;Проблемы
alice_pop_details_emm;Эмиграция
alice_pop_details_mig;Миграция
alice_pop_details_i_amount;Внутренняя:
alice_pop_details_c_amount;Колониальная:
pop_emigration_attraction_1;Привлекательность эмиграции это продукт:
pop_emigration_attraction_2;Модификатор привлекательности иммигрантов: $x$
pop_emigration_attraction_3;Фактор миграционной цели: $x$
pop_migration_attraction_1;Привлекательность миграции это продукт:
pop_migration_attraction_2;Провинциальный модификатор привлекательности: $x$
pop_migration_attraction_3;Фактор миграционной цели: $x$
pop_migration_attraction_wage_ratio;Множитель разницы зарплат: $x$
pop_migration_attraction_bureaucracy;Базовая привлекательность бюрократии: $x$
alice_toggle_administration;Создать или упразднить местную администрацию
administration_tile;Местная администрация
market_tile;Местный рынок
rgo_tile_header;Природный источник ?Y$good$?W
province_market_header;Товар: ?Y$good$?!
province_market_market;Рынок: ?Y$name$?!
province_market_price;Цена: ?Y$val$?!
province_market_supply;Предложение: ?G$val$?!
province_market_demand;Спрос: ?R$val$?!
province_market_production;Производство: ?G$val$?!
province_market_consumption;Потребление: ?R$val$?!
province_market_stockpiles;Запасы: ?Y$val$?!
province_market_balance;Баланс: ?Y$val$?!
province_market_trade_in;Ввоз: ?G$val$?!
province_market_trade_out;Вывоз: ?R$val$?!
province_market_trade_balance;Торговый баланс: ?Y$val$?!
alice_unit_target;===> $x$
alice_lobby_resync;Пересинхронизация лобби
alice_lobby_resync_players_loading;Нельзя пересинхронизировать при загрузке
alice_lobby_resync_no_oos;Никто не рассинхронизирован
alice_lobby_resync_not_host;Только хост может пересинхронизировать
alice_host_has_resync;Хост пересинхронизировал лобби
alice_naval_coordination_penalty;Флот $x$ получает штраф координации ?R$y$?W
alice_naval_coordination_bonus;Флот $x$ получает бонус координации ?G$y$?W
alice_naval_stacking_penalty;Штраф за переполнение флота: ?R$y$?W
alice_observer_btn_text;Режим наблюдателя
alice_observer_already_observer_tooltip;Вы уже в режиме наблюдателя.
alice_labor_no_education;Неквалифицированный
alice_labor_basic_education;Квалифицированный
alice_labor_high_education;Эксперт
alice_labor_guild;Цехи
alice_labor_high_education_and_accepted;Эксперт (принятый)
alice_invalid_value;Недействительное значение
alice_wages_tab;Зарплаты
alice_trade_volume_tab;Объем торговли
economy_scene_embargo;Эмбарго!
embargo_reason_war;Война
embargo_reason_origin_embargo;Источник объявил эмбарго
embargo_reason_origin_join_embargo;Источник присоединился к эмбарго
embargo_reason_target_embargo;Цель объявила эмбарго
embargo_reason_target_join_embargo;Цель присоединилась к эмбарго
alice_production_name_sort_tip_province;Сортировка по имени провинции
alice_production_name_sort_tip_state;Сортировка по имени региона
alice_sort_pops;Сортировать ПОПов
alice_sort_states;Сортировать регионы
alice_topbar_avg_literacy_in_states;Средняя грамотность не-колониального населения: ?Y$x$?W
open_economy_scene;Открыть обзор экономики
alice_ship_in_supply_range;?GКорабль в радиусе снабжения?W, ближайший порт: ?O$x$?W
alice_ship_not_in_supply_range;?RКорабль вне радиуса снабжения?W, ближайший порт: ?O$x$?W
alice_supply_range_distance;Дистанция до ближайшего порта: ?O$x$?W/?O$y$?W
alice_supply_range_friendly_port;?GРядом с дружественным портом?W
alice_supply_range_deep_waters;?RВ открытом море?W
alice_ship_supply_range_unreachable;?RФлот недосягаем для портов?W
open_details;Подробности
rgo;РГО
province_prices;Цена (относительная)
gdp_per_sector;ВВП
gdp_share;Доля ВВП %
province_labor;Рабочая сила
province_artisan;Кустари
gdp_rgo;Первичный сектор:
gdp_factory;Вторичный сектор (фабрики):
gdp_artisans;Вторичный сектор (кустари):
gdp_selected;ВВП выбранной провинции
gdp_rest;ВВП остальной части страны
market_report;Внешняя торговля на местном рынке ?Y$province$?W
market_prices_report;Цены в ?Y$province$?W
rgo_report;Добыча ресурсов: ?Y$province$?W
province_factories_report;Промышленность ?Y$province$?W
net_profit_label;Чистая прибыль
total_sold_label;Доход
total_bought_label;Затраты
total_wage_label;Зарплаты
total_employment_label;Всего занятых
target_employment_tooltip;Целевая занятость
max_total_employment;Максимальная занятость
pop_project_target_label;Цель инвесторов
no_factory_type;Нет
trade_balance;Баланс
rgo_details_name;Название
rgo_efficiency_super_header;Эффективность
rgo_efficiency_value;%
rgo_efficiency_cost;Стоимость
local_price;Местная цена
median_price;Мировая цена
ratio_to_median;%
change_price;Изменение
method_profit_margin;Потенциальная маржа
ratio_to_median_price;Отношение к мировой цене
modifier_min_land_upkeep;Мин. содержание сухопутных войск
alice_naval_noretreat;Для отступления корабли должны быть ближе к центру
alice_str_name;Прочность: ?O$val$?W
alice_naval_retreat_condition_1;Корабли достаточно близко к центру
alice_naval_retreat_condition_2;Ещё не отступают
alice_naval_retreat_condition_3;Доступ к порту
alice_navalattackitem_4;Вражеский флот $DEFENDER$ будет уничтожен.
alice_attackthem_4;Атакуем силы $DEFENDER$.
alice_attackus_4;Враг $ATTACKER$ атаковал нас.
alice_truce_with_explain;?Y$WAR$?W: Перемирие с ?Y$NATION$?W до $DATE$
alice_declarewar_truce_with_explain;?Y$NATION$?W: Перемирие с ?Y$TARGET$?W до $DATE$
alice_command_units_condition_1;?Y$NATION$?W — наш субъект
alice_command_units_condition_2;Оба участника в войне
alice_command_units_condition_3;Цель — не игрок
alice_command_units_condition_4;Включено в правилах игры
free_trade_di;Соглашение о свободной торговле
free_trade_offer;$actor$ предлагает свободную торговлю на $years$ лет
alice_original_war_participant_not_in_war;?Y$NATION$?W больше не участвует в войне
alice_original_war_participant_desc;?Y$NATION$?W — первоначальный $ACTOR$ войны
alice_original_war_participant_desc_2;Только перемирия первого участника блокируют вступление
alice_original_war_participant_notinvolved;?Y$NATION$?W больше не вовлечен в войну
alice_gamerules_btn_text;Правила игры
alice_gamerules_change_chat_msg;Хост изменил правило "$x$" на "$y$"!
alice_gamerules_nothost;Только хост может менять правила!
alice_gamerule_allow_sphereling_declare_war_on_spherelord;Разрешить войнам сферы атаковать лидера
alice_gamerule_allow_sphereling_declare_war_on_spherelord_desc;Определяет, могут ли члены сферы объявлять войну лидеру сферы
alice_gamerule_allow_sphereling_declare_war_on_spherelord_opt_no;Нет
alice_gamerule_allow_sphereling_declare_war_on_spherelord_opt_yes;Да
gamerule_option_is;Параметр правила ?Y$x$?W
label_gdp_capita_top;Топ ВВП на 1к чел.
label_gdp_top;Топ ВВП
label_production_top;Топ производителей
label_consumption_top;Топ потребителей
consumption;Потребление
import;Импорт
export;Экспорт
gva;ВДС (GVA)
alice_gamerule_allow_partial_retreat;Частичный отзыв (ротация)
alice_gamerule_allow_partial_retreat_desc;Разрешает юнитам отступать из боя по одному
alice_gamerule_allow_partial_retreat_opt_disabled;Отключено
alice_gamerule_allow_partial_retreat_opt_enabled;Включено
alice_gamerule_fog_of_war;Туман войны
alice_gamerule_fog_of_war_desc;Скрывает вражеские юниты и провинции
alice_gamerule_fog_of_war_opt_disabled;Туман войны ВЫКЛ
alice_gamerule_fog_of_war_opt_enabled;Туман войны ВКЛ
alice_gamerule_fog_of_war_opt_disabled_for_observer;Туман войны ВЫКЛ для наблюдателей
alice_gamerule_auto_concession_peace;Авто-мир при капитуляции
alice_gamerule_auto_concession_peace_desc;Мирные предложения со 100% варскором нельзя отклонить
alice_gamerule_auto_concession_peace_opt_cannot_reject;Нельзя отклонить
alice_gamerule_auto_concession_peace_opt_can_reject;Можно отклонить
alice_gamerule_command_units;Управление вассалами в войне
alice_gamerule_command_units_opt_disabled;Выключено
alice_gamerule_command_units_opt_enabled;Включено
alice_gamerule_command_units_desc;Разрешает игроку командовать войсками ИИ-вассалов
alice_savegame_incompatible_warning;?RЭто сохранение от другого сценария!
alice_show_all_saves_text;Показать все сохранения
alice_show_all_saves_tooltip;Переключить показ потенциально несовместимых сохранений
alice_save_input_filename_label;Имя файла сохранения:
ports_size;Размер портов
urban_size;Размер городов
civilian_port;Гражданский порт
civilian_port_size;Размер: ?Y$val$?!
private_education_owners;Частное образование ?Y$val$?!
port_owners;Местный порт ?Y$val$?!
housing_owners;Домовладельцы ?Y$val$?!
private_education_price;Цена образования ?Y$val$?!
private_education_supply_1;Частное предложение пред. ?Y$val$?!
private_education_supply_2;Общественное предложение пред. ?Y$val$?!
private_education_demand_1;Общественный спрос пред. ?Y$val$?!
private_education_demand_2;Частный спрос пред. ?Y$val$?!
private_education_size_public;Общественный размер ?Y$val$?!
private_education_size_private;Частный размер ?Y$val$?!
port_price;Цена местного порта ?Y$val$?!
housing_price;Цена жилья ?Y$val$?!
housing_supply;Предложение жилья ?Y$val$?!
housing_demand;Спрос на жилье ?Y$val$?!
alice_infrastructure_tab;Инфраструктура
economy_overview_header;Обзор экономики
alice_extra_armies_tooltip;+ ?Y$x$?W еще армий
alice_extra_navies_tooltip;+ ?Y$x$?W еще флотов
alice_pop_details_need_weight;В
alice_pop_details_need_weight_tooltip;Приоритет бюджета для товара
button_pop_budget;Открыть детали бюджета
pop_budget_details;Детали бюджета
pop_budget_unemployment;Безработица
pop_budget_pension;Пенсии
pop_budget_factory_ownership;Фабрики
pop_budget_rgo_ownership;РГО
pop_budget_national_pay;Гос. выплаты
pop_budget_business;Предпринимательство
pop_budget_guild;Цех
pop_budget_trade;Торговля
pop_budget_tax;Налог
pop_budget_investment;Инвестиции
pop_budget_education;Образование
pop_budget_wages_header;Зарплаты
pop_budget_income;Доход
pop_budget_spending;Расходы
pop_budget_needs;Нужды
alice_gamerules_header;Правила игры
zoom_slowest;Самый медленный
zoom_slow;Медленный
zoom_medium;Средний
zoom_fast;Быстрый
zoom_fastest;Самый быстрый
amsg_embargod;Против страны введено эмбарго
save_name_label;Имя файла (пусто = авто)
save_warning_tooltip;Файл с таким именем уже существует
production_window_title;Производство
production_combine_types_toggle;Свернуть типы
production_table_name_header;Название
production_table_size_header;Размер
production_table_amount_header;Количество
economy_data_toggle_tooltip;Обзор экономики показывает агрегированные данные
province_tiles_toggle_tooltip;Вкладка зданий провинции
province_market_toggle_tooltip;Данные местного рынка провинции
production_category_production;Производство
production_category_consumption;Потребление
production_category_employment;Занятость
production_category_details;Информация
production_location_national;Все регионы
production_filter_all;Все товары
production_about_combined;Комбинированный
production_about_factory;Фабрики
production_about_artisan;Кустари
production_about_rgo;РГО
production_about_factory_one;Фабрика
production_about_artisan_one;Кустарь
production_about_rgo_one;РГО
production_sub_item_inputs;Затраты
production_sub_item_uses;Использование
production_sub_item_labor;Рабочие
production_sub_item_consumption;Затраты
production_explain_view;Переключение режимов отображения производства/потребления/занятости.
production_explain_location;Показать данные для страны или конкретного региона.
production_explain_combine;Объединить значения фабрик, кустарей и РГО или показывать отдельно.
production_explain_filter;Показать информацию по всем или конкретному товару.
production_shortage_warn_inputs;Дефицит сырья
production_shortage_warn_labor;Дефицит рабочих
production_max_output;Макс. выпуск
production_max_employment;Макс. рабочих
production_spec_label;Специализация
production_spec_compare;Рейтинги
production_spec_priority_label;Приоритет
production_spec_rankings_header;Лидеры
production_rh_state_population;Население региона
production_rh_state_consumption;Топ потребления
production_rh_state_production;Топ производства
production_directive_header;Директивы строительства
production_directive_explain;Установите директивы для расходования государственных средств.
production_directive_national_header;Национальные директивы
production_directive_national_tt;Директивы, применяемые ко всем регионам по умолчанию.
directive_description_fmoney;Приоритет прибыли фабрик
directive_description_fpeople;Приоритет максимальной занятости
directive_description_fspecial;Приоритет специализации
directive_description_fupgrade;Приоритет расширения фабрик
directive_description_fnone;Не строить и не расширять фабрики
directive_description_rail;Строить железные дороги
directive_description_naval;Строить морские базы
directive_description_forts;Строить форты на границе
directive_description_commodity;Приоритет фабрик, производящих ?Y$x$?W
chat_timed_out;$playername$ превысил время ожидания
disconnected_message_header;Отключен
disconnected_message_name_taken;Ваше имя уже занято.
disconnected_message_incorrect_password;Неверный пароль.
disconnected_message_timed_out;Время соединения истекло.
disconnected_message_kicked;Вы были кикнуты хостом.
disconnected_message_banned;Вы были забанены хостом.
disconnected_message_on_banlist;Вы в бан-листе этого лобби.
disconnected_message_game_ended;Игра завершена.
disconnected_message_game_full;Лобби переполнено.
disconnected_message_invalid_command_received_client;Ошибка сети.
private_message_btn_disabled_tooltip;Нельзя отправить личное сообщение самому себе
private_message_button_tooltip;Отправить личное сообщение
player_loaded_status;Готов
player_loading_status;Загрузка
player_oos_status;Рассинхрон
rgo_bank;Баланс РГО ?Y$val$?W
artisan_bank;Баланс цехов ?Y$val$?W
artisan_profit;Прибыль цехов ?Y$val$?W
rgo_bank_in;РГО от производства ?Y$val$?W
rgo_bank_out;РГО населению ?Y$val$?W
factory_bank;Баланс фабрик ?Y$val$?W
factory_bank_in;Фабрики от производства ?Y$val$?W
factory_bank_out;Фабрики населению ?Y$val$?W
alice_unit_crossing_modifier;Модификатор штрафа за пересечение реки/пролива: ?Y$x$?W
alice_river_penalty_mod_tooltip;?Y$COUNT$?W юнитов получают штраф ?Y$NUM$?W за реку
alice_strait_penalty_mod_tooltip;?Y$COUNT$?W юнитов получают штраф ?Y$NUM$?W за пролив/высадку
alice_battle_wide_roll_mod_tooltip;?YОбщий модификатор кубика боя?W
alice_unit_specific_roll_mod_tooltip;?YИндивидуальный модификатор юнита?W
alice_num_units_dug_in_tooltip;?Y$COUNT$?W юнитов укрепились на ур. ?Y$NUM$?W
alice_num_units_targeting_dug_in_tooltip;?Y$COUNT$?W юнитов атакуют укрепления
alice_unit_dug_in;Юнит имеет уровень окопания ?Y$NUM$?W
alice_unit_targeting_dug_in_modifier;Модификатор боя при атаке укрепленного противника: ?Y$NUM$?W
add_wargoal_wargoal_count;Будет добавлено целей войны: ?Y$COUNT$?W
subsidies_label;Субсидии
effective_output_tooltip;Эффективный выпуск (выпуск, деленный на базовый)
subsidies_explanation_tooltip;Общий объем субсидий определяется бюджетом.
factory_investments_header;Инвестиции
total_investments_label;Всего
investment_efficiency_tooltip;Инструменты, товары эффективности и оборудование
investment_expansion_tooltip;Расширение